1.001775095297227081e+00,-7.345266313919420753e+00
-1.858560022717014704e+00,-7.608281847469888781e+00
-4.720918497470707464e+00,-7.847231516416463215e+00
-7.585376844220819592e+00,-8.063154896342910050e+00
-1.045232831957208219e+01,-8.237907339770382364e+00
-1.332259361475403736e+01,-8.352731243044475562e+00
-1.617906017547349151e+01,-8.646879127521561514e+00
-1.904055241239188945e+01,-8.873660206364039738e+00
-2.190986343340362197e+01,-9.004479977035821037e+00
-2.477789942245699351e+01,-8.975275539288631421e+00
-2.763649105147010232e+01,-8.753669079148741261e+00
-3.036336063682126252e+01,-8.178682073735895841e+00
-3.313060687191356379e+01,-7.622822736486387640e+00
-3.592565386911096681e+01,-7.064023811128306463e+00
-3.873358284942668206e+01,-6.555684416460058728e+00
-4.154861451047337084e+01,-6.083317692633572804e+00
-4.435334016614442731e+01,-5.555834742092311096e+00
-4.716693833239737899e+01,-5.071752931327957015e+00
-4.998372716511540403e+01,-4.599613885503210042e+00
-5.279798676164177351e+01,-4.117978978328919126e+00
-5.563952349371201933e+01,-3.820159123158120007e+00
-5.850272282257039080e+01,-3.859272831720227170e+00
-6.137213586041573166e+01,-3.989442031222414364e+00
-6.424141673461443247e+01,-4.118997111144651058e+00
-6.710936444320941519e+01,-4.279328936791655380e+00
-6.997747859039586160e+01,-4.434816171463973333e+00
-7.284578685474987481e+01,-4.578884832102424696e+00
-7.571752351956595817e+01,-4.617312349866892873e+00
-7.858384817391532806e+01,-4.607592063157552431e+00
-8.144630754422931318e+01,-4.543255128584608116e+00
-8.430417389415889318e+01,-4.444509149537782200e+00
-8.715769197762723763e+01,-4.338706892655914693e+00
-9.001675390084220396e+01,-4.233166421060844620e+00
-9.287511072681996893e+01,-4.173642643277682751e+00
-9.573676407769869456e+01,-4.113307468662878996e+00
-9.859489591025456434e+01,-4.113062510032015062e+00
-1.014567474686189996e+02,-4.038187855018225747e+00
-1.043178389457736444e+02,-3.971622014127396572e+00
-1.071764201306942255e+02,-3.949766126052546511e+00
-1.100356936790371378e+02,-3.834380972141505417e+00
-1.128962621279846843e+02,-3.785650601780308655e+00
-1.157600439608661702e+02,-3.864075487590879820e+00
-1.186304776854329077e+02,-3.949283982119832004e+00
-1.214957694268594537e+02,-4.144533083203143953e+00
-1.243637899697033617e+02,-4.288967795097859970e+00
-1.272322615824956813e+02,-4.440259328977727016e+00
-1.300970000874069115e+02,-4.646774688447778523e+00
-1.329624030923660314e+02,-4.844234591289989567e+00
-1.358272560154671567e+02,-5.050368027515002467e+00
-1.386921055319467655e+02,-5.258318862346506251e+00
-1.415575869338045152e+02,-5.456485128074405111e+00
-1.444218815592116982e+02,-5.675173996257530717e+00
-1.472856260558897077e+02,-5.899833057922311497e+00
-1.501461174229059168e+02,-6.159309803627249558e+00
-1.530128443688025186e+02,-6.313566854040490561e+00
-1.558798279331202821e+02,-6.492638133578592097e+00
-1.587481571191466116e+02,-6.649570195301262032e+00
-1.616133033992906007e+02,-6.855677303030527803e+00
-1.644778916316724349e+02,-7.068511272218847452e+00
-1.673451990209032374e+02,-7.241246151515963625e+00
-1.702090835577478174e+02,-7.462069919722102540e+00
-1.730722963551349096e+02,-7.693921008781655857e+00
-1.759380403097469241e+02,-7.891639031767820001e+00
-1.787995613486138211e+02,-8.141353869263058485e+00
-1.816657151645029558e+02,-8.330515609372771024e+00
-1.845312356683468806e+02,-8.532546728064204444e+00
-1.873968560585691989e+02,-8.733825549988013748e+00
-1.902624606020589795e+02,-8.935296578871469109e+00
-1.931249128507950275e+02,-9.176617560775055082e+00
-1.959873279561682580e+02,-9.417659676051073347e+00
-1.988522280845379555e+02,-9.626790881023943314e+00
-2.017171728590618045e+02,-9.837071771410784038e+00
-2.045810584063640363e+02,-1.006024501800135695e+01
-2.074467299483028739e+02,-1.025314234922058709e+01
-2.103134847717577998e+02,-1.043339448111035672e+01
-2.131768142968509778e+02,-1.065847317714705866e+01
-2.160394258657189539e+02,-1.089244883954038023e+01
-2.189053958632023011e+02,-1.108236725058263872e+01
-2.217688048260918379e+02,-1.130718221367855847e+01
-2.246317780859024822e+02,-1.154140182706172979e+01
-2.274988748253036306e+02,-1.171705139092728132e+01
-2.303660886188393988e+02,-1.188996453320962132e+01
-2.332319827776076124e+02,-1.208339566640701790e+01
-2.360999113332781576e+02,-1.224074638982103025e+01
-2.389634011770075404e+02,-1.246948423429265596e+01
-2.418287760942941418e+02,-1.267387888599807155e+01
-2.446935250504049293e+02,-1.288482445010967581e+01
-2.475582400547913551e+02,-1.309184654334302778e+01
-2.504240923655878248e+02,-1.328603665611734286e+01
-2.532856084326247128e+02,-1.353303725485671372e+01
-2.561530942688642085e+02,-1.369664558800391774e+01
-2.590214355791984531e+02,-1.384480184545690307e+01
-2.618876935563548614e+02,-1.403517236638110788e+01
-2.647536851041941759e+02,-1.423037456171822868e+01
-2.676183445893326507e+02,-1.444358766426936924e+01
-2.704829415865547162e+02,-1.465361432534108488e+01
-2.733487092257253153e+02,-1.484706200870073189e+01
-2.762124298681726486e+02,-1.507311657690225815e+01
-2.790745060265780921e+02,-1.531118428920358809e+01
-2.819372044376800659e+02,-1.554414574758132161e+01
-2.848028893332511871e+02,-1.574411482511895954e+01
-2.876692235368233241e+02,-1.593421777282644669e+01
-2.905371096097048849e+02,-1.609641447457136820e+01
-2.934060909965218116e+02,-1.622759319012659773e+01
-2.962748068532968091e+02,-1.635927044785136175e+01
-2.991389946404072475e+02,-1.657956958075102349e+01
-3.020033266472570972e+02,-1.679775159240589488e+01
-3.048651546758107429e+02,-1.704249763762761205e+01
-3.077284668539845711e+02,-1.727301835747860537e+01
-3.105922377510645447e+02,-1.749662288311094116e+01
-3.134588817295251602e+02,-1.768276561251738599e+01
-3.163248881892332633e+02,-1.787816145041573890e+01
-3.191864998854518944e+02,-1.812475133518083226e+01
-3.220545705322487038e+02,-1.828221984510276243e+01
-3.249181479918406694e+02,-1.850906405694643553e+01
-3.277819311327638161e+02,-1.872566153144986600e+01
-3.306458387210238925e+02,-1.893824710197575456e+01
-3.335130498545458977e+02,-1.911279225978896079e+01
-3.363789883563515559e+02,-1.930883460791439887e+01
-3.392470490111912795e+02,-1.947018336964254104e+01
-3.421131240289769835e+02,-1.966154346275853015e+01
-3.449817742119759600e+02,-1.980715132913816845e+01
-3.478455395463336117e+02,-2.002935055959603972e+01
-3.507112594245917307e+02,-2.022110099178148701e+01
-3.535765045518978127e+02,-2.042072953708394323e+01
-3.564421543520572868e+02,-2.061643976614874418e+01
-3.593042477133943748e+02,-2.085898772230268960e+01
-3.621676539406311122e+02,-2.108856821756810263e+01
-3.650323372787498215e+02,-2.129422910484164788e+01
-3.678963246512237788e+02,-2.150874178457122099e+01
-3.707618379781093836e+02,-2.170553676717631220e+01
-3.736281128923999972e+02,-2.189516718597497658e+01
-3.764926097885557965e+02,-2.210870068593543181e+01
-3.793584201500763697e+02,-2.229093638497245777e+01
-3.822241585114092004e+02,-2.246952808531281676e+01
-3.850872198237321413e+02,-2.269998717980267600e+01
-3.879537244528927999e+02,-2.288674700933787420e+01
-3.908161486661942945e+02,-2.312788998539326357e+01
-3.936810996199468491e+02,-2.333104866614887030e+01
-3.965467525327889007e+02,-2.351723078163387015e+01
-3.994090130617125851e+02,-2.374129819516362971e+01
-4.022716631933901681e+02,-2.397921058490484114e+01
-4.051369820037691625e+02,-2.417612531547735344e+01
-4.080016907981030272e+02,-2.437599226927502372e+01
-4.108619432745749691e+02,-2.464036556854740923e+01
-4.137129074805745859e+02,-2.479806167556253627e+01
-4.165655120922642141e+02,-2.488781840110096510e+01
-4.194307185364351653e+02,-2.509392562067184684e+01
-4.222960461017386251e+02,-2.529770970049594325e+01
-4.251601959887530029e+02,-2.551316948358211789e+01
-4.280242009591959231e+02,-2.573507939614601980e+01
-4.308899541186916622e+02,-2.593350896497715041e+01
-4.337560251508492684e+02,-2.612509548753565269e+01
-4.366212445470111447e+02,-2.633133075970045667e+01
-4.394883026252967966e+02,-2.651028780380343619e+01
-4.423526196522798841e+02,-2.672476328490401798e+01
-4.452174564396389087e+02,-2.693303933649649196e+01
-4.480843324937812895e+02,-2.711291379441202665e+01
-4.509503789155414211e+02,-2.730488304480324047e+01
-4.538156113955034243e+02,-2.751004929498937557e+01
-4.566811153645007835e+02,-2.770866237876491311e+01
-4.595470242190860972e+02,-2.790063550666364733e+01
-4.624103420753425553e+02,-2.812882468906807887e+01
-4.652756636147353220e+02,-2.832447354182038168e+01
-4.681420885201380315e+02,-2.850950896343056229e+01
-4.710081065238121596e+02,-2.870438127034914544e+01
-4.738732143767538219e+02,-2.891197617739106462e+01
-4.767368477681786203e+02,-2.913955980793630829e+01
-4.796020244545449600e+02,-2.934469749110232684e+01
-4.824702618275938448e+02,-2.948476970490423099e+01
-4.853353425268290948e+02,-2.969095054210516693e+01
-4.882007751902805239e+02,-2.989148661967165665e+01
-4.910641954024133611e+02,-3.011835719463047667e+01
-4.939327510997570698e+02,-3.026971090459658598e+01
-4.967974714418057829e+02,-3.047997945224376792e+01
-4.996633847102937125e+02,-3.067367747007936529e+01
-5.025297163719184255e+02,-3.085936757089904603e+01
-5.053938687365039186e+02,-3.107700938298623683e+01
-5.082619599674194433e+02,-3.123405186868228611e+01
-5.111287054280361417e+02,-3.141412847353312188e+01
-5.139963086859071382e+02,-3.158261434317147121e+01
-5.168643882897342792e+02,-3.174088705218991535e+01
-5.197346309814730603e+02,-3.183950560946479413e+01
-5.226059655201794385e+02,-3.191738660314018006e+01
-5.254766192104228821e+02,-3.193258825189420591e+01
-5.283463743119104947e+02,-3.185839237267110846e+01
-5.312131538364560583e+02,-3.176358473864576837e+01
-5.340713525865145357e+02,-3.152701396156250979e+01
-5.369164931154120950e+02,-3.115339666973313371e+01
-5.397614306586091288e+02,-3.078760508519956929e+01
-5.425892899788892692e+02,-3.032284626738740485e+01
-5.453854006154258514e+02,-2.966878561389439284e+01
-5.481711377705112227e+02,-2.897586327696379982e+01
-5.509404979481932969e+02,-2.822912347946015643e+01
-5.536768335997380746e+02,-2.736132559865302127e+01
-5.563874939192014608e+02,-2.641380161869939514e+01
-5.590686371510605568e+02,-2.538978178639021976e+01
-5.617244248857080038e+02,-2.430180352944464062e+01
-5.643410248103778031e+02,-2.312221237352804692e+01
-5.668959809455615186e+02,-2.181481704295237734e+01
-5.694186548272170967e+02,-2.044489413428432556e+01
-5.718954014373467771e+02,-1.899175909085823122e+01
-5.743320682212556676e+02,-1.747175257250507840e+01
-5.767241723529455157e+02,-1.588235935998654291e+01
-5.790540821412371315e+02,-1.420704358030333658e+01
-5.813541767681638248e+02,-1.248840317779451681e+01
-5.835949577473168119e+02,-1.069323486230892861e+01
-5.857574319043885680e+02,-8.804243638992444332e+00
-5.878645730646633183e+02,-6.853363049474506141e+00
-5.899241039262991535e+02,-4.852601180488059107e+00
-5.919253671448732348e+02,-2.793275999787475872e+00
-5.938782175056694541e+02,-6.870730270596733247e-01
-5.957649742373039317e+02,1.478635767422546099e+00
-5.975668309052234690e+02,3.713113508350703640e+00
-5.992979451644737310e+02,6.002315321426740624e+00
-6.009081633404023250e+02,8.379753066150010810e+00
-6.024700155076020565e+02,1.079013209633972181e+01
-6.039776071899511862e+02,1.323477261202176081e+01
-6.053742196926916677e+02,1.574439179377818476e+01
-6.067004744905625557e+02,1.829248855611519886e+01
-6.079855499821975400e+02,2.086161312225918607e+01
-6.092296397162635913e+02,2.345079903222013940e+01
-6.104498879291458024e+02,2.605126615821205860e+01
-6.116765434614492278e+02,2.864884974852560973e+01
-6.128431184773621681e+02,3.127350921708143261e+01
-6.140230481211372080e+02,3.389202183542114000e+01
-6.152256725558855806e+02,3.650062122076818127e+01
-6.164098285644781754e+02,3.911750987380581535e+01
-6.175736410835952483e+02,4.174350245048100305e+01
-6.187787096603583450e+02,4.435087695781858486e+01
-6.199560099328955403e+02,4.697009001271332806e+01
-6.211017562735278261e+02,4.960382515060616981e+01
-6.222521396605741302e+02,5.223558348032162257e+01
-6.234632625510702155e+02,5.484023326385552366e+01
-6.246126699944568372e+02,5.747263437206540004e+01
-6.257753635453564129e+02,6.009914793831156743e+01
-6.269615892392240539e+02,6.271492837451992131e+01
-6.281567066775978674e+02,6.532682734520560075e+01
-6.292937538423877868e+02,6.796472294475890408e+01
-6.304084133345210148e+02,7.061205859486825887e+01
-6.315129463201030831e+02,7.326362795459377253e+01
-6.325911592135994397e+02,7.592570701221517027e+01
-6.335514189204598097e+02,7.863295122737912379e+01
-6.344421142202734245e+02,8.136396233246418319e+01
-6.352879891145714737e+02,8.410881296014602526e+01
-6.360077972822477932e+02,8.688885278293156489e+01
-6.365482158589575192e+02,8.970966267504405778e+01
-6.369770820825510782e+02,9.254986516830004462e+01
-6.373258254935374225e+02,9.540012582379802097e+01
-6.375697234070912600e+02,9.826123457269528672e+01
-6.376384656450887860e+02,1.011315417314813203e+02
-6.376055601450983659e+02,1.040038632842229163e+02
-6.374866668247539110e+02,1.068737251018444852e+02
-6.372307708137503823e+02,1.097336795681756598e+02
-6.368862332452789587e+02,1.125849853053040306e+02
-6.364272107995047918e+02,1.154204606872370675e+02
-6.357933201676275985e+02,1.182168898633198353e+02
-6.350599190429845748e+02,1.209920347987018374e+02
-6.342475355089597997e+02,1.237466142503545825e+02
-6.333485953688214067e+02,1.264738941366557299e+02
-6.323420302711984959e+02,1.291641330081849901e+02
-6.312204264500385307e+02,1.318072275428366424e+02
-6.299570262486079173e+02,1.343857799952754704e+02
-6.286228898070307878e+02,1.369274170791271672e+02
-6.271725680732156434e+02,1.394034634171294442e+02
-6.256171513674651123e+02,1.418146178759402574e+02
-6.239869776719135643e+02,1.441778413503660090e+02
-6.222484007727473454e+02,1.464638764084041895e+02
-6.204116548321231903e+02,1.486684202144151072e+02
-6.185191539007219035e+02,1.508257342364479427e+02
-6.165591224248066737e+02,1.529225721178428898e+02
-6.144690635816673421e+02,1.548877561279615804e+02
-6.123035277090924637e+02,1.567580000274287499e+02
-6.100318838838036299e+02,1.585072006764037837e+02
-6.077446905050232999e+02,1.602380967543307406e+02
-6.053864149313619691e+02,1.618582849013323539e+02
-6.029654087043682011e+02,1.633881281058036166e+02
-6.004932987615407001e+02,1.648444555023756379e+02
-5.979425390142081369e+02,1.661584948278315323e+02
-5.953558637637386255e+02,1.673925298781066999e+02
-5.927140337680095854e+02,1.685091809336803408e+02
-5.900565798439847640e+02,1.695945257915436457e+02
-5.873759922930616995e+02,1.706267597992193714e+02
-5.846778165546261334e+02,1.716084865538355473e+02
-5.819987600822612421e+02,1.726440725174125532e+02
-5.792977604284003519e+02,1.736213716733435888e+02
-5.765773159944055806e+02,1.745414872500301158e+02
-5.738614817869014360e+02,1.754765659122088550e+02
-5.711466926777707158e+02,1.764150796272400328e+02
-5.684293010430858430e+02,1.773460763923390573e+02
-5.657138208750443482e+02,1.782831127365665793e+02
-5.629934891410737237e+02,1.792056770542673121e+02
-5.603008639004224278e+02,1.802063996677051705e+02
-5.575846702152000489e+02,1.811393565444674323e+02
-5.548452168153894490e+02,1.820034272941560687e+02
-5.521244619107008020e+02,1.829234745302537135e+02
-5.494181550897550323e+02,1.838862943211404968e+02
-5.467059254476076831e+02,1.848327891243872614e+02
-5.439922359421854026e+02,1.857716905028831320e+02
-5.412803812203886764e+02,1.867182192452863774e+02
-5.385607143603365330e+02,1.876400361820871296e+02
-5.358380033172633148e+02,1.885550168948214491e+02
-5.331304533566094506e+02,1.895144011455749364e+02
-5.304087527844185388e+02,1.904333636984202940e+02
-5.276962018561487184e+02,1.913772119882495701e+02
-5.249778138744632088e+02,1.923042864140024051e+02
-5.222438652314692717e+02,1.931853136988511892e+02
-5.195224505225482972e+02,1.941047813789861323e+02
-5.168097735678002209e+02,1.950494040443808217e+02
-5.140668253156807168e+02,1.959006712493924454e+02
-5.113143839983736143e+02,1.967203693473479120e+02
-5.085618061347849448e+02,1.975386466443251265e+02
-5.057982488882710186e+02,1.983123213950962906e+02
-5.030180278796835864e+02,1.990204240808777740e+02
-5.002225384670066433e+02,1.996724385001791404e+02
-4.974230382215587269e+02,2.003079252599879396e+02
-4.946006669539909808e+02,2.008296023282445049e+02
-4.917605891798887683e+02,2.012477353954944874e+02
-4.889168801258993540e+02,2.016320121038607454e+02
-4.860631962028631960e+02,2.018726432559749355e+02
-4.831997417620960960e+02,2.020595910639750059e+02
-4.803331623462933067e+02,2.022197240562008460e+02
-4.774692157650671902e+02,2.022617573891204188e+02
-4.746053019705621523e+02,2.021733766090611653e+02
-4.717370567573364610e+02,2.020980707991759857e+02
-4.688771822720246973e+02,2.019072633993889667e+02
-4.660239789314738346e+02,2.016251380237854391e+02
-4.631692548693956724e+02,2.013311165712738671e+02
-4.603171492161399669e+02,2.010138996371122175e+02
-4.574891427711581855e+02,2.005562120331280198e+02
-4.546765479089353335e+02,1.999934144231392565e+02
-4.518652202076933690e+02,1.994194602716643487e+02
-4.490580369541409027e+02,1.988257419712311957e+02
-4.462852967977148637e+02,1.980963546373960753e+02
-4.435228181398770175e+02,1.973248882603016341e+02
-4.407627661029878254e+02,1.965368735719570168e+02
-4.380319223528177304e+02,1.956643137135044412e+02
-4.353622251941808372e+02,1.946289823064367397e+02
-4.327114936787089619e+02,1.935396655348409922e+02
-4.300557630323740455e+02,1.924570265094404249e+02
-4.274372797249662312e+02,1.912939615569545708e+02
-4.248743479942201589e+02,1.900137135573167768e+02
-4.223094365380550244e+02,1.887266524403565313e+02
-4.197334060092024970e+02,1.874590590346585373e+02
-4.171974597479190834e+02,1.861151878869501104e+02
-4.146654224058793829e+02,1.847597428761077367e+02
-4.121200845363446774e+02,1.834291236243552987e+02
-4.095908323175281112e+02,1.820684290844492921e+02
-4.070542308824882980e+02,1.807223547002653277e+02
-4.044854810405685157e+02,1.794450349781445766e+02
-4.018913553916390242e+02,1.782263965216797885e+02
-3.992905377798225572e+02,1.770143679024459971e+02
-3.966654595088925248e+02,1.758584032728686566e+02
-3.939936022552307122e+02,1.748238661166257941e+02
-3.913083364879724968e+02,1.738278803406460042e+02
-3.885921781627661744e+02,1.729011291473306926e+02
-3.858477167796609137e+02,1.720719733285747566e+02
-3.830860836491689270e+02,1.713112313739250965e+02
-3.803172583310913524e+02,1.705760875576618787e+02
-3.775193354980735307e+02,1.699452372905033712e+02
-3.746936493259066765e+02,1.694591218641748753e+02
-3.718569125946202121e+02,1.690408164734348304e+02
-3.690166195093258921e+02,1.686387336695999295e+02
-3.661597361463908555e+02,1.683770107201524127e+02
-3.632996703740781186e+02,1.681453270226244854e+02
-3.604323768736717852e+02,1.680300582785137351e+02
-3.575629275680886394e+02,1.679280366564851192e+02
-3.546939910429762222e+02,1.678933379504239838e+02
-3.518256146251077325e+02,1.679477453386093657e+02
-3.489644229084522067e+02,1.680952803760843040e+02
-3.461001112189543392e+02,1.682708682122087964e+02
-3.432465279650896264e+02,1.685858924781147152e+02
-3.404048070580784611e+02,1.689861450232393736e+02
-3.375686313521441662e+02,1.694258066424368394e+02
-3.347457640942316743e+02,1.699547341061387442e+02
-3.319522779357229183e+02,1.706185477078689701e+02
-3.291613122318339038e+02,1.712923586351265044e+02
-3.263836972948707853e+02,1.720233365896001203e+02
-3.236408917126732376e+02,1.728730633118343007e+02
-3.209074185870824749e+02,1.737497165678370834e+02
-3.181733977787002345e+02,1.746299001256615213e+02
-3.154812121788544914e+02,1.756281370114382980e+02
-3.128389739337020501e+02,1.767524214029591576e+02
-3.102087970309746652e+02,1.779064267093955891e+02
-3.076083155835532352e+02,1.791258885347216392e+02
-3.050508596419775245e+02,1.804330281756186309e+02
-3.025280337229193606e+02,1.818058278856628363e+02
-3.000367136432598727e+02,1.832352971196807232e+02
-2.975930705344320586e+02,1.847419470951750213e+02
-2.951755745473421371e+02,1.862910754677306784e+02
-2.927842442485514312e+02,1.878822294790827812e+02
-2.904777476808841357e+02,1.895932712551995110e+02
-2.882257019165665497e+02,1.913751627331371878e+02
-2.859854674385287581e+02,1.931729174495791881e+02
-2.837909763277525599e+02,1.950264560480009095e+02
-2.816762677290284387e+02,1.969692056500854846e+02
-2.795851265012959175e+02,1.989377018453443782e+02
-2.775502583829120340e+02,2.009640920242421771e+02
-2.756234220784704689e+02,2.030940132058456982e+02
-2.737313269117046275e+02,2.052545005843447541e+02
-2.718343334816806873e+02,2.074112946039794565e+02
-2.699992606868740950e+02,2.096209585446737265e+02
-2.682234527659283003e+02,2.118787272549975569e+02
-2.665076696616428080e+02,2.141819319057448752e+02
-2.648836106179829244e+02,2.165502565576468328e+02
-2.633212612006592508e+02,2.189600187006432748e+02
-2.618272910523631936e+02,2.214128594905430703e+02
-2.604148250974883467e+02,2.239139490794349285e+02
-2.590585082335750826e+02,2.264459447751966934e+02
-2.577332177020250583e+02,2.289936757860535863e+02
-2.564274561223722344e+02,2.315516228353147881e+02
-2.551970433586789113e+02,2.341470623505036883e+02
-2.539648517271414221e+02,2.367419665789353189e+02
-2.527554192959190118e+02,2.393476249874506152e+02
-2.515464396610219637e+02,2.419532801750188469e+02
-2.503145050138221848e+02,2.445483030160945930e+02
-2.491174929170607584e+02,2.471592757476208249e+02
-2.479172078042479370e+02,2.497690664672910543e+02
-2.467032020324791404e+02,2.523720558786886841e+02
-2.454671351312381375e+02,2.549647900385832600e+02
-2.442638071511192948e+02,2.575731636502984543e+02
-2.430388974287827182e+02,2.601715006433618669e+02
-2.418373531806249730e+02,2.627805435536157006e+02
-2.406558866433667276e+02,2.653988525718012852e+02
-2.394857108816580364e+02,2.680221899512523009e+02
-2.382740895628701594e+02,2.706265832406090794e+02
-2.370509484196506662e+02,2.732257470621644870e+02
-2.358503756785100620e+02,2.758354492526237323e+02
-2.346762209920055682e+02,2.784570354289008947e+02
-2.335038799251742319e+02,2.810777075101820515e+02
-2.322600585702688818e+02,2.836659884409236838e+02
-2.310096236576889055e+02,2.862507742588131805e+02
-2.298002151554537136e+02,2.888560725758941885e+02
-2.286366743066885192e+02,2.914822391418417737e+02
-2.274449822170374205e+02,2.940956812992654932e+02
-2.261861536253491920e+02,2.966773682804246164e+02
-2.249905179947340912e+02,2.992893396293074488e+02
-2.237677092853159593e+02,3.018886222282104654e+02
-2.225096267573930504e+02,3.044707899012209964e+02
-2.213067974354182468e+02,3.070792239978319458e+02
-2.201328609132575878e+02,3.097006397407125178e+02
-2.188852517877059540e+02,3.122879738702404211e+02
-2.176474391318010930e+02,3.148798148244771937e+02
-2.164552041880800743e+02,3.174932816484135856e+02
-2.152409728602601717e+02,3.200965264067348244e+02
-2.140304494878661217e+02,3.227016333172530267e+02
-2.128256302397101081e+02,3.253094392736268219e+02
-2.115856082970278180e+02,3.279003911638075692e+02
-2.103705944046532750e+02,3.305027866797692013e+02
-2.091897712469411204e+02,3.331213623101114081e+02
-2.079531129616437966e+02,3.357138535722117467e+02
-2.067340940556123883e+02,3.383149972425045462e+02
-2.055375420023084700e+02,3.409265223876973323e+02
-2.043405315563620661e+02,3.435378712533929502e+02
-2.031514248742147402e+02,3.461528745651437475e+02
-2.019223020858995312e+02,3.487489650848718838e+02
-2.006732227248214144e+02,3.513355992500007119e+02
-1.994618830866369876e+02,3.539398165398828837e+02
-1.982684433173696448e+02,3.565526761875710235e+02
-1.970280487913758520e+02,3.591435130020605015e+02
-1.958168247771147037e+02,3.617480515096036697e+02
-1.946357793214403387e+02,3.643659557215928544e+02
-1.934058438726899567e+02,3.669617667002466987e+02
-1.921699799624037723e+02,3.695545681411893497e+02
-1.910056534999253017e+02,3.721805640988449682e+02
-1.898027014707851947e+02,3.747887012198546017e+02
-1.885689308652901559e+02,3.773826804159397170e+02
-1.873453910333124952e+02,3.799815271840644755e+02
-1.861182218744880288e+02,3.825786871433949727e+02
-1.849610451151896768e+02,3.852078032731714075e+02
-1.837678366142973800e+02,3.878208791544119549e+02
-1.825001403665073667e+02,3.903983080053801018e+02
-1.812471442639734960e+02,3.929827826157494997e+02
-1.800783266321450071e+02,3.956066469682906472e+02
-1.789005315935506815e+02,3.982265430164202371e+02
-1.776375473642580687e+02,4.008064108480811001e+02
-1.764219005767294277e+02,4.034088351241902615e+02
-1.752156139389710461e+02,4.060153271586242454e+02
-1.739478881878025618e+02,4.085931064616519279e+02
-1.726941192008395660e+02,4.111774532264169011e+02
-1.715006213992263611e+02,4.137901845536708834e+02
-1.702614040366824497e+02,4.163806021866437277e+02
-1.689478639880194919e+02,4.189350060423145123e+02
-1.676324116466698797e+02,4.214865633437665338e+02
-1.662428789068720221e+02,4.239964596511773607e+02
-1.647232789640124224e+02,4.264321698075872860e+02
-1.631487669917997891e+02,4.288325662123347115e+02
-1.614932777512600239e+02,4.311744856547645668e+02
-1.596813899535260930e+02,4.333984431617847122e+02
-1.577925580138447685e+02,4.355612349458189101e+02
-1.558067249794350460e+02,4.376317846211202323e+02
-1.536697841435545797e+02,4.395475029705057750e+02
-1.514805427647312115e+02,4.414072235133963886e+02
-1.492487197052682859e+02,4.432142712463961516e+02
-1.469100631927846052e+02,4.448807750860232204e+02
-1.444561885773433687e+02,4.463710278152876754e+02
-1.419605528394528733e+02,4.477927250680488669e+02
-1.394199082398003213e+02,4.491326007232664779e+02
-1.368385337177222709e+02,4.503919004319589021e+02
-1.342008745880664264e+02,4.515267260887363818e+02
-1.315113674206753558e+02,4.525322510083329917e+02
-1.287890629314096316e+02,4.534479482763024407e+02
-1.260282098446874386e+02,4.542395334724018312e+02
-1.232240163839105662e+02,4.548591410887437405e+02
-1.203895486887670074e+02,4.553236589290467577e+02
-1.175360510954777027e+02,4.556532934661211129e+02
-1.146784108302835250e+02,4.559417352159163670e+02
-1.118110832968298496e+02,4.560575520399591483e+02
-1.089411887150483551e+02,4.559533061112850874e+02
-1.060697770714465378e+02,4.558965754608504994e+02
-1.031982919087445651e+02,4.558622387534830978e+02
-1.003317049789755515e+02,4.556893275294523846e+02
-9.746234512231735891e+01,4.555652466234458871e+02
-9.459120256073981636e+01,4.554927573312737650e+02
-9.172217657643574285e+01,4.553568123732099480e+02
-8.885413321442482015e+01,4.551997804430807264e+02
-8.598515509319622652e+01,4.550575187142150639e+02
-8.311656775745267112e+01,4.549073102789668610e+02
-8.024866087964984729e+01,4.547462701363004953e+02
-7.738093466574312629e+01,4.545793429509524231e+02
-7.451128941431869634e+01,4.544599300521218765e+02
-7.164082803870365979e+01,4.543518306608190187e+02
-6.877641217499328263e+01,4.541452874469936205e+02
-6.591115807630433210e+01,4.539494083596324572e+02
-6.303984732640638811e+01,4.538624164604847806e+02
-6.016989860611960950e+01,4.537407543870255040e+02
-5.730337386151863655e+01,4.535557218554328074e+02
-5.443448648416153191e+01,4.534133068384078342e+02
-5.156408156746118010e+01,4.533215968552532331e+02
-4.869495240328076591e+01,4.531811057302790005e+02
-4.582808318503344935e+01,4.530019497126756960e+02
-4.295955088007346490e+01,4.528488897879617525e+02
-4.008823428914953979e+01,4.527689184666356823e+02
-3.721847191343854888e+01,4.526456462922772630e+02
-3.435278562578290718e+01,4.524532309210726453e+02
-3.148357725447048949e+01,4.523252568671911718e+02
-2.861256809279540292e+01,4.522451267023116088e+02
-2.574846741722448940e+01,4.520306286532396598e+02
-2.288424757608891014e+01,4.518147417577806664e+02
-2.001522597835154826e+01,4.516794217956447710e+02
-1.714615086159210477e+01,4.515450187214017319e+02
-1.428556114789271625e+01,4.512941919302593305e+02
-1.143394499067627734e+01,4.509606628182646091e+02
-8.577295856424241194e+00,4.506641664904454956e+02
-5.742896674542427249e+00,4.502180424454865602e+02
-2.938544238421253674e+00,4.495972383001023331e+02
-1.547972437014257796e-01,4.488956130096366905e+02
2.580930600970031463e+00,4.480308587376051150e+02
5.255993587399530043e+00,4.469875434990751160e+02
7.876300886839448623e+00,4.458136441462893913e+02
1.044688638357939681e+01,4.445359578200947226e+02
1.295517717769480726e+01,4.431381425384057593e+02
1.540051010395846198e+01,4.416339709802385869e+02
1.778895636962115390e+01,4.400425242289966832e+02
2.012733039368930577e+01,4.383750891657018656e+02
2.243427551418613319e+01,4.366634142264999809e+02
2.468270060697781787e+01,4.348772476652460455e+02
2.687702082222161692e+01,4.330248054129113484e+02
2.909208898935189680e+01,4.311959119816430075e+02
3.131926134494816338e+01,4.293830401331382518e+02
3.351700940457388356e+01,4.275341078188306483e+02
3.571562499921118672e+01,4.256864501685881237e+02
3.793223616489464689e+01,4.238601182296805518e+02
4.012874372701079295e+01,4.220105087273146296e+02
4.230378690907214434e+01,4.201351932570711938e+02
4.451107321717134369e+01,4.182973890667315118e+02
4.672687027309400776e+01,4.164696476653427339e+02
4.891234107034043177e+01,4.146059043485846587e+02
5.110523005316987621e+01,4.127507579404262401e+02
5.332709190156356982e+01,4.109306857140591092e+02
5.552732711742773120e+01,4.090849118668520532e+02
5.767211223637619355e+01,4.071755452763490553e+02
5.984406042325456099e+01,4.052959377700192931e+02
6.205858361384641597e+01,4.034667308592829613e+02
6.428441604896856632e+01,4.016510469034411699e+02
6.648776155212749472e+01,3.998082859526120956e+02
6.867222557566789476e+01,3.979430837947950295e+02
7.085638335956599576e+01,3.960772297113569493e+02
7.307590204370004017e+01,3.942539237042227569e+02
7.531578052523718725e+01,3.924556949831056727e+02
7.750071941544260312e+01,3.905909881480897639e+02
7.967746558874878815e+01,3.887166540940797859e+02
8.190478850312416625e+01,3.869027615453612157e+02
8.412250578232212206e+01,3.850772384841389453e+02
8.629692044505736703e+01,3.832000215427529497e+02
8.846593358352671999e+01,3.813169853801322802e+02
9.061948752914463512e+01,3.794162076752074881e+02
9.277513243954157929e+01,3.775191187027761544e+02
9.487206398112566319e+01,3.755586028562594834e+02
9.683426602480611223e+01,3.734713110966050635e+02
9.861695662912580929e+01,3.712412667132719548e+02
1.002134205129736699e+02,3.688661984002121699e+02
1.016741168272704101e+02,3.664099823594100940e+02
1.027885185999377740e+02,3.638053899033616290e+02
1.035937382034930181e+02,3.610919239234395377e+02
1.042826925545012671e+02,3.583451104324133212e+02
1.046884602761155776e+02,3.555492960957931246e+02
1.047845290973462511e+02,3.527211881814197341e+02
1.046634567237977080e+02,3.498931643118083343e+02
1.043287412020068814e+02,3.470792919752418584e+02
1.037383109312899307e+02,3.443070631382594229e+02
1.029092726008627210e+02,3.416133797119158544e+02
1.019273513842311871e+02,3.389707325712817578e+02
1.007538593676929395e+02,3.364195672406833637e+02
9.923253483715744494e+01,3.341022066102806889e+02
9.756784806408495569e+01,3.318936259340744073e+02
9.579803576860618364e+01,3.297656281864011589e+02
9.384513354445840605e+01,3.277940939578058988e+02
9.173067414189000601e+01,3.259988034590331836e+02
8.949674475713155175e+01,3.242963444103164647e+02
8.721188065336873763e+01,3.226133075594440243e+02
8.481394375729917101e+01,3.210779212783406820e+02
8.232764146688491280e+01,3.196577378599420740e+02
7.985120395592400655e+01,3.182092786698424334e+02
7.734637201849972143e+01,3.168073578199818598e+02
7.476921254179177367e+01,3.155458489462167790e+02
7.218245815989163816e+01,3.142979155336037138e+02
6.961338144150724361e+01,3.130136238693269206e+02
6.705538459336155199e+01,3.117077149612488256e+02
6.447413643047134713e+01,3.104470950445761446e+02
6.190208317640069424e+01,3.091682613012180809e+02
5.935227647691367991e+01,3.078453009429252916e+02
5.674831456145942354e+01,3.066359181388253887e+02
5.413038625575639173e+01,3.054547881518659551e+02
5.153760246107125198e+01,3.042200093165755561e+02
4.895322927192752616e+01,3.029673679353866760e+02
4.636775790586368373e+01,3.017158581101382424e+02
4.381299239641347754e+01,3.004024419361622904e+02
4.123438027920741433e+01,2.991373326072750274e+02
3.865020800920378008e+01,2.978843540734432054e+02
3.609615403505354436e+01,2.965703091051580031e+02
3.352366512533448883e+01,2.952923051185989038e+02
3.094663074765705346e+01,2.940238631799886662e+02
2.835828905250751575e+01,2.927781015869245493e+02
2.580029297862434490e+01,2.914721893381578184e+02
2.322525609380065603e+01,2.901989831915039986e+02
2.064805222680935870e+01,2.889306459581019908e+02
1.808888924779116536e+01,2.876263968313049304e+02
1.549119152808111721e+01,2.864005200098202408e+02
1.290640521673386942e+01,2.851476587231592248e+02
1.034661167163985063e+01,2.838455195614714057e+02
7.777764997543927805e+00,2.825608497072079217e+02
5.178439152281210767e+00,2.813384990441754780e+02
2.603110878434867104e+00,2.800672069066166614e+02
4.968650891779446965e-02,2.787517552678932020e+02
-2.515587424181581433e+00,2.774611538417103702e+02
-5.104305835332752395e+00,2.762167359138028360e+02
-7.667030252608419971e+00,2.749200013865660139e+02
-1.022795482606518824e+01,2.736197561441074413e+02
-1.281900715414766623e+01,2.723805303041419279e+02
-1.540349986525026438e+01,2.711270928265967086e+02
-1.795766978078185261e+01,2.698129435219707375e+02
-2.052019338331521325e+01,2.685158213508604490e+02
-2.312401013657497728e+01,2.673033678328837368e+02
-2.571501357324545367e+01,2.660636124959544304e+02
-2.826929704423576339e+01,2.647500388033132595e+02
-3.084726717404064900e+01,2.634834810790239317e+02
-3.342285865773852294e+01,2.622118739480114300e+02
-3.597513228949893715e+01,2.608947642447132012e+02
-3.853485957687124142e+01,2.595914069977242775e+02
-4.112375991960358590e+01,2.583469517930925008e+02
-4.371071539408331574e+01,2.570992970621683185e+02
-4.628205736556614625e+01,2.558187610731377504e+02
-4.884396551323776947e+01,2.545201614185758103e+02
-5.142541854081638064e+01,2.532608048042422411e+02
-5.401603610228978880e+01,2.520204944246144123e+02
-5.660544059784456294e+01,2.507775718728658489e+02
-5.918813018016425076e+01,2.495203530997611665e+02
-6.174457545507850398e+01,2.482103089170868202e+02
-6.430447799763570060e+01,2.469073555820650654e+02
-6.690071379703124421e+01,2.456779140276148041e+02
-6.948530108608392197e+01,2.444246023119408733e+02
-7.203948989927265245e+01,2.431100150706902241e+02
-7.460332990973634537e+01,2.418143353010743226e+02
-7.719006878875697453e+01,2.405653455266795220e+02
-7.976838018978389755e+01,2.393005627565573263e+02
-8.233865784130176735e+01,2.380183214609904212e+02
-8.493875676840183075e+01,2.367986932023375743e+02
-8.749955742642737277e+01,2.354974089744812034e+02
-9.007099252410529289e+01,2.342170624344166754e+02
-9.265602345132934659e+01,2.329652429729599419e+02
-9.522576829927049857e+01,2.316826553594830784e+02
-9.778872763789743772e+01,2.303855714395909331e+02
-1.003403361805185625e+02,2.290672831566030254e+02
-1.028767682213563717e+02,2.277233847168840555e+02
-1.054430740801386719e+02,2.264344965701466208e+02
-1.079522056383812725e+02,2.250450009353205587e+02
-1.104097582102481283e+02,2.235745131468053728e+02
-1.128532053043705048e+02,2.220792497389731466e+02
-1.152255908976204068e+02,2.204885302437876078e+02
-1.175323251986362010e+02,2.188097863851819227e+02
-1.198097322186440294e+02,2.170878690363285557e+02
-1.219987195221253558e+02,2.152623847796762107e+02
-1.240899388431794677e+02,2.133221935203166026e+02
-1.260544317634865763e+02,2.112475228030113783e+02
-1.279458184944672610e+02,2.091158445306397482e+02
-1.297316837734661306e+02,2.068881208409036105e+02
-1.314635380234615241e+02,2.046093657349206865e+02
-1.330583330224416443e+02,2.022387887445135277e+02
-1.345780613073449388e+02,1.998142273279367203e+02
-1.359643524159308470e+02,1.973097786916387690e+02
-1.372349887290025663e+02,1.947424721276489095e+02
-1.383948231968379616e+02,1.921221015337497704e+02
-1.394458105389656453e+02,1.894579111838116603e+02
-1.403792717513053674e+02,1.867501394770974343e+02
-1.411668006025260524e+02,1.839950613040622045e+02
-1.418484543847320651e+02,1.812120253529058687e+02
-1.423533538158153817e+02,1.783946107287152643e+02
-1.427400624680071246e+02,1.755556249892721326e+02
-1.430034482747066704e+02,1.726978756844579550e+02
-1.431620367290987303e+02,1.698319159436981067e+02
-1.431703229904708223e+02,1.669623519945021712e+02
-1.430739648116937701e+02,1.640937496226543999e+02
-1.428173415734017624e+02,1.612374555769995368e+02
-1.424327661698780503e+02,1.583931346392964201e+02
-1.419619435457863119e+02,1.555601721188424449e+02
-1.413792149917459824e+02,1.527485105328130714e+02
-1.405979646474399374e+02,1.499887681882925961e+02
-1.396840037491572843e+02,1.472674175620689425e+02
-1.386986157689715924e+02,1.445695627229037541e+02
-1.375484491481639679e+02,1.419394782748214539e+02
-1.362911543640831837e+02,1.393569531533225359e+02
-1.349700399883388968e+02,1.368068465573793446e+02
-1.334890055059634051e+02,1.343479566432912975e+02
-1.318862815575030538e+02,1.319646274704520010e+02
-1.301794489535915034e+02,1.296567932761753923e+02
-1.283505695273206868e+02,1.274442862501908280e+02
-1.264019677422003269e+02,1.253350129438207148e+02
-1.244116076590496789e+02,1.232638258773004054e+02
-1.223605194770347566e+02,1.212535776101319129e+02
-1.201898784396938424e+02,1.193750737303778777e+02
-1.179515467542714759e+02,1.175777534849225532e+02
-1.156309338199905028e+02,1.158868180899725928e+02
-1.132505831502834184e+02,1.142807633039288930e+02
-1.108061612980486785e+02,1.127806776665490247e+02
-1.082698260433223254e+02,1.114444364584039420e+02
-1.056858564629751811e+02,1.102088375704635297e+02
-1.030333459242303746e+02,1.091178789204818429e+02
-1.003362882680608976e+02,1.081366708155403416e+02
-9.760958894480977222e+01,1.072424195935948603e+02
-9.484788824385636019e+01,1.064714465419535543e+02
-9.205168589233467458e+01,1.058350118583089454e+02
-8.923783695706035246e+01,1.052857650083548151e+02
-8.639895368311218249e+01,1.048867611480996374e+02
-8.354429901124957780e+01,1.046386621573919626e+02
-8.068669613003244478e+01,1.044767899587161963e+02
-7.782238847538117454e+01,1.044874042643261021e+02
-7.496449286692660507e+01,1.046214410093455740e+02
-7.211636093427794947e+01,1.048856227245848487e+02
-6.928819820861900780e+01,1.053244993922806998e+02
-6.648586258392839454e+01,1.059093039508202310e+02
-6.370828557359556754e+01,1.065879847175770578e+02
-6.096376378601583212e+01,1.073626367275106901e+02
-5.824181959525202501e+01,1.082264634409619930e+02
-5.556908267538219093e+01,1.092528519821009354e+02
-5.292116464051818525e+01,1.103477918710357812e+02
-5.027146722720655703e+01,1.114445949404738769e+02
-4.764785115777694102e+01,1.126116649361217696e+02
-4.505154733753131779e+01,1.138410477243857883e+02
-4.246485945309943588e+01,1.150905865666498329e+02
-3.986622144412047675e+01,1.163136297203289757e+02
-3.728751925982264481e+01,1.175790098919441817e+02
-3.468969672694255735e+01,1.188039045650174046e+02
-3.207482752525881864e+01,1.199919807226574733e+02
-2.946178566137768229e+01,1.211821060025215218e+02
-2.686998362553102737e+01,1.224204157888399891e+02
-2.429410825007247610e+01,1.236916455454430661e+02
-2.169893401643005504e+01,1.249223404518886298e+02
-1.910966367995017023e+01,1.261650159507669287e+02
-1.652260254408552242e+01,1.274135217882292039e+02
-1.392690768737621454e+01,1.286441891047957711e+02
-1.133368856758722387e+01,1.298798899751007241e+02
-8.761467730248350350e+00,1.311588915157718702e+02
-6.187714025803442652e+00,1.324348424403532363e+02
-3.621733582971815579e+00,1.337258007487291138e+02
-1.042522493471075062e+00,1.349899219133371844e+02
1.539720125910301052e+00,1.362472484318053318e+02
4.113273338506465926e+00,1.375218014987729021e+02
6.713291494797960723e+00,1.387416373979191349e+02
9.302374950851403312e+00,1.399841133171566696e+02
1.187760792903192453e+01,1.412568886612655774e+02
1.447023444459952302e+01,1.424936065329220582e+02
1.707634533259155063e+01,1.437014940448445088e+02
1.967926283996678904e+01,1.449161066622627345e+02
2.226830706396901860e+01,1.461599012867300189e+02
2.484502174718903689e+01,1.474298293020825099e+02
2.743059267989674055e+01,1.486816243748203874e+02
3.001364962185360241e+01,1.499386436728845524e+02
3.260106174188694439e+01,1.511856239330609810e+02
3.518373749823474839e+01,1.524417250510637700e+02
3.778330583159952027e+01,1.536634938415854776e+02
4.034197649873337355e+01,1.549681016611603752e+02
4.291267921002227581e+01,1.562498954238614033e+02
4.552204290879703308e+01,1.574434968497845944e+02
4.811771311418981156e+01,1.586692253932613710e+02
5.069546729515600703e+01,1.599369082540609952e+02
5.328711198478981004e+01,1.611760742776585289e+02
5.587173939992133853e+01,1.624296307659151921e+02
5.844898668575602585e+01,1.636974058215479317e+02
6.100796843339130504e+01,1.649987824083799524e+02
6.359071877826848151e+01,1.662558425677141258e+02
6.618250338023233326e+01,1.674943738497518666e+02
6.876925516853981435e+01,1.687436947335527861e+02
7.136364263598687785e+01,1.699769815366810803e+02
7.396631969596853651e+01,1.711925970343793324e+02
7.657228707296357584e+01,1.724012200411322340e+02
7.916450297214746001e+01,1.736390899326075328e+02
8.174357982927134003e+01,1.749041643062769253e+02
8.433818204678610186e+01,1.761370739837282713e+02
8.693671472829967684e+01,1.773612034208155421e+02
8.953174363495811861e+01,1.785913807449662727e+02
9.208022317743875362e+01,1.799169541263113672e+02
9.465770250716681744e+01,1.811837323527915657e+02
9.726352355014616080e+01,1.823919935800363987e+02
9.988028548353443625e+01,1.835739149556425787e+02
1.024623075539797270e+02,1.848318842868099523e+02
1.050423947881639037e+02,1.860943625550661125e+02
1.076154400269868461e+02,1.873706659466637348e+02
1.101629682162523522e+02,1.886951311267915230e+02
1.127485204701633847e+02,1.899449904114976562e+02
1.153546195113711406e+02,1.911534851424604824e+02
1.179604875139184657e+02,1.923624490704530103e+02
1.205659892010699394e+02,1.935715832580349627e+02
1.231805618733568224e+02,1.947585615206831449e+02
1.257989270698293041e+02,1.959314916093894681e+02
1.284467676473944948e+02,1.970295631302010975e+02
1.311281234753830347e+02,1.980424769205553730e+02
1.338031991001036829e+02,1.990513827911582894e+02
1.365011651106540569e+02,1.999814032341112693e+02
1.392529451824975126e+02,2.007567679011914379e+02
1.420106281800505599e+02,2.014964313761530832e+02
1.447714363180080284e+02,2.022145437294035446e+02
1.475891241221704604e+02,2.027140617462789010e+02
1.504147177894172955e+02,2.031278600436483828e+02
1.532427651845372907e+02,2.035094610449995685e+02
1.560962994010650959e+02,2.037042945516394070e+02
1.589534374714530998e+02,2.038203099379451260e+02
1.618104164512596981e+02,2.038599868932101344e+02
1.646683363394360526e+02,2.037850859705761479e+02
1.675253910716949122e+02,2.035746628773808311e+02
1.703765261346473494e+02,2.033036789425647441e+02
1.732146640876183596e+02,2.029574172618073362e+02
1.760353899713794021e+02,2.024691795670730130e+02
1.788423025184173127e+02,2.019131547884811368e+02
1.816188412040492040e+02,2.012080078267299257e+02
1.843789740333363056e+02,2.004448866476425621e+02
1.871132089057396115e+02,1.996026385131031020e+02
1.898181701640323809e+02,1.986560247543891364e+02
1.925169132539374459e+02,1.977125738031950846e+02
1.951410058893097812e+02,1.965528720434307957e+02
1.977342230513303605e+02,1.953273919883596363e+02
2.002871722167027428e+02,1.940245930114820681e+02
2.027993318239931568e+02,1.926453055755156925e+02
2.052419221178481052e+02,1.911459063232328504e+02
2.076328964313707957e+02,1.895635743959226431e+02
2.099742696616506237e+02,1.879199477958186435e+02
2.122315793358075382e+02,1.861554953284189935e+02
2.144550599367992163e+02,1.843472826583591768e+02
2.165859758258889656e+02,1.824289935522753581e+02
2.186358078829294982e+02,1.804264825286587666e+02
2.206178951476823329e+02,1.783559373482409001e+02
2.225417490012139865e+02,1.762244683203016393e+02
2.244038398955589741e+02,1.740394597531310694e+02
2.261906535317943963e+02,1.717946985830030826e+02
2.278575318593805719e+02,1.694562139014917079e+02
2.294703126401417705e+02,1.670809004073428241e+02
2.310556815880444503e+02,1.646886319682938051e+02
2.325125994119939321e+02,1.622166943061621112e+02
2.338846498995808929e+02,1.596942913415645933e+02
2.352087088236143018e+02,1.571502676666062257e+02
2.363679348161340101e+02,1.545248783705926598e+02
2.374556827121607512e+02,1.518687105628402492e+02
2.384155784831042411e+02,1.491653675928027099e+02
2.392965396412492964e+02,1.464356966323777840e+02
2.398430138452751237e+02,1.446395659406514937e+02
2.405099344435261912e+02,1.418469100263917539e+02
2.411424006607536228e+02,1.390453921184024182e+02
2.417020125915315418e+02,1.362297411792764876e+02
2.422724672337133711e+02,1.329244902160693016e+02
2.426040799040242746e+02,1.300722773401195980e+02
2.428285865121493430e+02,1.272104188432081742e+02
2.431194214985498263e+02,1.256398051729970575e+02
2.437056199655859245e+02,1.230267523461298254e+02
2.429735022664382882e+02,1.203993783916277209e+02
2.428424639377172980e+02,1.175334345982751358e+02
2.424432163351077918e+02,1.149925336830386016e+02
2.425182146493018251e+02,1.125734395018298528e+02
2.425387550035714526e+02,1.104001913456904163e+02
2.424984292475398604e+02,1.075324153572559709e+02
2.424871666575929225e+02,1.046628760607617750e+02
2.422917017958336601e+02,9.805101226979761009e+01
2.423590300695827864e+02,9.517972257776692402e+01
2.424403979914031879e+02,9.230849515504904446e+01
2.425182183416329167e+02,8.943722686560656143e+01
2.425557666639168133e+02,8.656645598162515398e+01
2.426002472716120337e+02,8.369551769778030348e+01
2.426059406812192378e+02,8.082365900703268835e+01
2.426199492398811230e+02,7.795137503350193242e+01
2.425895347141864136e+02,7.507922712052445036e+01
2.425399211327212470e+02,7.220765145611642311e+01
2.425028689335945842e+02,6.933544927464257057e+01
2.424581210502623208e+02,6.646330301778178296e+01
2.424440940423104678e+02,6.359117322151769258e+01
2.424396929552610800e+02,6.071931201301872250e+01
2.423359709687467785e+02,5.784935924605584034e+01
2.421789165865948235e+02,5.498158544557942662e+01
2.419772894656773019e+02,5.211762052561321212e+01
2.416767925185694139e+02,4.926144293727445245e+01
2.411653435819530955e+02,4.643654868315053363e+01
2.405375804358922665e+02,4.363665018382081229e+01
2.397873306581849135e+02,4.086513648780310604e+01
2.387960010211999133e+02,3.817210744155525504e+01
2.376724114558280405e+02,3.552920588126691825e+01
2.365296375209123880e+02,3.289626949190716232e+01
2.351180756499319955e+02,3.039747220089796897e+01
2.335764329022414927e+02,2.797414997152447924e+01
2.319106087002720074e+02,2.563584886090440307e+01
2.300983676659916455e+02,2.340958115755003632e+01
2.282492313414579428e+02,2.121297090504374694e+01
2.263008486336369174e+02,1.910303240592278229e+01
2.243125646703848588e+02,1.702963872237574705e+01
2.223213467339375882e+02,1.495944339691287439e+01
2.203838170974976833e+02,1.283904765315927321e+01
2.183604040005339471e+02,1.080161866542459848e+01
2.163694219077980279e+02,8.733414792574020424e+00
2.143012080584709338e+02,6.740232588902017596e+00
2.121833812021673111e+02,4.801183373172698055e+00
2.099982926301804582e+02,2.938458220020805367e+00
2.077211670373336574e+02,1.190274610965005531e+00
2.053291088150650125e+02,-3.997357158449430514e-01
2.028563201275669599e+02,-1.860305324290632667e+00
2.003233239893160942e+02,-3.213891341164047066e+00
1.976988417639761053e+02,-4.377962546842001146e+00
1.950338246183595743e+02,-5.448602135000720992e+00
1.923043325863727091e+02,-6.337081540813035652e+00
1.895238735812104096e+02,-7.052731744154291604e+00
1.866911630053940598e+02,-7.524857065489348962e+00
1.838419203191643874e+02,-7.870964708144628119e+00
1.809782744870097417e+02,-8.067949554895974984e+00
1.781093876901527437e+02,-8.178614406030529693e+00
1.752382363843190092e+02,-8.177620052933345818e+00
1.723667592410474754e+02,-8.110317626677145952e+00
1.695006178854725363e+02,-7.941157685353516626e+00
1.666421342017825395e+02,-7.665865568748710501e+00
1.637801695171935989e+02,-7.437454902203135099e+00
1.609140221671812299e+02,-7.307472951591133636e+00
1.580492303923631425e+02,-7.172833132365727060e+00
1.551854594308336459e+02,-6.992231624180323735e+00
1.523238998942401849e+02,-6.760904327866807506e+00
1.494579638210099120e+02,-6.626810321688402894e+00
1.465925839053512334e+02,-6.511147952238982128e+00
1.437273359383216018e+02,-6.376149030914339377e+00
1.408618527013958328e+02,-6.219887778296480541e+00
1.379941820759117945e+02,-6.076163010691856492e+00
1.351281915831269771e+02,-5.923686623978336563e+00
1.322648785283431891e+02,-5.728898064022537540e+00
1.294045122654833619e+02,-5.540555620527518599e+00
1.265426124747567371e+02,-5.299467129051722125e+00
1.236842657551037234e+02,-5.016226883634092637e+00
1.208307091396326030e+02,-4.695325104955516693e+00
1.179754106568319401e+02,-4.383050296221581377e+00
1.151221098708179227e+02,-4.054550260901807590e+00
1.122672811379907074e+02,-3.739479849945427592e+00
1.094099925562720443e+02,-3.447243776821211636e+00
1.065550816995491914e+02,-3.138894635105320408e+00
1.037029459257180974e+02,-2.806520066034516425e+00
1.008458625579387444e+02,-2.507946792043418860e+00
9.799320212743313618e+01,-2.170286990597995569e+00
9.513756822451952644e+01,-1.861089866383747182e+00
9.228121107126497691e+01,-1.562137068744463786e+00
8.941549553114847981e+01,-1.397721923912551789e+00
8.654652728077577706e+01,-1.429586742833086177e+00
8.367666059725239336e+01,-1.542957852185362189e+00
8.081128960233075986e+01,-1.744411647258067299e+00
7.794581105618769357e+01,-1.945103698170966622e+00
7.508019501659961747e+01,-2.144693698878028520e+00
7.221502210753851614e+01,-2.342311780672325483e+00
6.935032811744153491e+01,-2.555412012061207605e+00
6.649068108722039483e+01,-2.820785828921361649e+00
6.362450077987840302e+01,-3.012277977924349592e+00
6.075839505602228030e+01,-3.204933025519698830e+00
5.789332484971107817e+01,-3.411205924928739197e+00
5.503324765786973671e+01,-3.675062635060958982e+00
5.216782092506873170e+01,-3.875174653490391918e+00
4.930367551581818475e+01,-4.095434419870698228e+00
4.644209295351294742e+01,-4.344037273506254238e+00
4.357603581644033852e+01,-4.526881684023388530e+00
4.070801907502682582e+01,-4.690231546805969209e+00
3.784230552200136088e+01,-4.888834757930860420e+00
3.497638433201337449e+01,-5.084311334586918640e+00
3.210831878222507640e+01,-5.245991997340849089e+00
2.923944173991794315e+01,-5.375750315017232772e+00
2.637382357387301823e+01,-5.576767354292327283e+00
2.350767338713424692e+01,-5.770390195012696566e+00
2.064235921448195654e+01,-5.975709209621440365e+00
1.777725771255119724e+01,-6.183558865588382858e+00
1.490877536202017595e+01,-6.331123494333230184e+00
1.204427328434216093e+01,-6.535880437137448595e+00
9.177354742104203211e+00,-6.717635028894029858e+00
6.312022696565614766e+00,-6.921501874436588153e+00
