x,y,z
1.001775095297227,-7.345266313919421,-6.185159218352609e-06
-1.8585600227170147,-7.608281847469889,-6.981553696867747e-06
-4.7209184974707075,-7.847231516416463,-8.47675621370947e-06
-7.58537684422082,-8.06315489634291,-0.019540237204229403
-10.452328319572082,-8.237907339770382,-0.05001583071895703
-13.322593614754037,-8.352731243044476,-0.050021292068805234
-16.17906017547349,-8.646879127521562,-0.09668322599465087
-19.04055241239189,-8.87366020636404,-0.1254220563958649
-21.909863433403622,-9.004479977035821,-0.15004592368746097
-24.777899422456994,-8.975275539288631,-0.15005628146472874
-27.636491051470102,-8.753669079148741,-0.18441702937916027
-30.363360636821263,-8.178682073735896,-0.24720039123351686
-33.130606871913564,-7.622822736486388,-0.25058172122844036
-35.92565386911097,-7.0640238111283065,-0.3189340014742125
-38.73358284942668,-6.555684416460059,-0.36452530355415913
-41.54861451047337,-6.083317692633573,-0.44744477535273064
-44.35334016614443,-5.555834742092311,-0.5082062573970962
-47.16693833239738,-5.071752931327957,-0.550181085398071
-49.983727165115404,-4.59961388550321,-0.5615879137344593
-52.79798676164177,-4.117978978328919,-0.6387693382055905
-55.63952349371202,-3.82015912315812,-0.7338926515108521
-58.50272282257039,-3.859272831720227,-0.7906680366404312
-61.37213586041573,-3.9894420312224144,-0.8327191449483116
-64.24141673461443,-4.118997111144651,-0.8893637437896909
-67.10936444320942,-4.279328936791655,-0.9532348547929774
-69.97747859039586,-4.434816171463973,-1.0189283473366832
-72.84578685474987,-4.578884832102425,-1.0536291267196605
-75.71752351956596,-4.617312349866893,-1.1326011139259364
-78.58384817391533,-4.607592063157552,-1.1778421654076308
-81.44630754422931,-4.543255128584608,-1.2656373434667223
-84.3041738941589,-4.444509149537782,-1.3643973825292548
-87.15769197762724,-4.338706892655915,-1.4615469118085636
-90.0167539008422,-4.233166421060845,-1.5550317182614495
-92.87511072681997,-4.173642643277683,-1.6416069434462779
-95.7367640776987,-4.113307468662879,-1.7290245937860838
-98.59489591025456,-4.113062510032015,-1.8153336853218933
-101.456747468619,-4.038187855018226,-1.8588057835358116
-104.31783894577364,-3.9716220141273966,-1.9452341369453894
-107.17642013069423,-3.9497661260525465,-2.0371241980240775
-110.03569367903714,-3.8343809721415054,-2.130821812014732
-112.89626212798468,-3.7856506017803087,-2.2354574392729676
-115.76004396086617,-3.86407548759088,-2.339637761700998
-118.63047768543291,-3.949283982119832,-2.4410709140883458
-121.49576942685945,-4.144533083203144,-2.543111095349519
-124.36378996970336,-4.28896779509786,-2.632366877139714
-127.23226158249568,-4.440259328977727,-2.7220784901245105
-130.0970000874069,-4.6467746884477785,-2.8024410079548483
-132.96240309236603,-4.84423459128999,-2.8631853889783976
-135.82725601546716,-5.0503680275150025,-2.9588598211036237
-138.69210553194677,-5.258318862346506,-3.058948257917765
-141.55758693380452,-5.456485128074405,-3.1597234414673703
-144.4218815592117,-5.675173996257531,-3.2601122387963644
-147.2856260558897,-5.8998330579223115,-3.3078220640607965
-150.14611742290592,-6.15930980362725,-3.351769715238894
-153.01284436880252,-6.313566854040491,-3.4161197579039015
-155.87982793312028,-6.492638133578592,-3.492046695150652
-158.7481571191466,-6.649570195301262,-3.5281808823289134
-161.6133033992906,-6.855677303030528,-3.593915824316066
-164.47789163167243,-7.0685112722188475,-3.6317873467472728
-167.34519902090324,-7.241246151515964,-3.6871690395523657
-170.20908355774782,-7.4620699197221025,-3.726593407837329
-173.0722963551349,-7.693921008781656,-3.802351588028407
-175.93804030974692,-7.89163903176782,-3.802430080186745
-178.79956134861382,-8.141353869263058,-3.8025098490755544
-181.66571516450296,-8.330515609372771,-3.802591025208553
-184.53123566834688,-8.532546728064204,-3.8026734488682523
-187.3968560585692,-8.733825549988014,-3.8309922660757847
-190.26246060205898,-8.935296578871469,-3.852842182524781
-193.12491285079503,-9.176617560775055,-3.8302051673848
-195.98732795616826,-9.417659676051073,-3.8030160755753366
-198.85222808453796,-9.626790881023943,-3.7460852117901364
-201.7171728590618,-9.837071771410784,-3.646956054237422
-204.58105840636404,-10.060245018001357,-3.5528488475102167
-207.44672994830287,-10.253142349220587,-3.503379275359427
-210.3134847717578,-10.433394481110357,-3.4569819929718806
-213.17681429685098,-10.658473177147059,-3.3568632304226886
-216.03942586571895,-10.89244883954038,-3.2727166680598128
-218.9053958632023,-11.082367250582639,-3.226492131294111
-221.76880482609184,-11.307182213678558,-3.1422022681072592
-224.63177808590248,-11.54140182706173,-3.07526089607889
-227.49887482530363,-11.717051390927281,-2.9940362516756274
-230.3660886188394,-11.889964533209621,-2.8959215242084215
-233.2319827776076,-12.083395666407018,-2.8097498203153175
-236.09991133327816,-12.24074638982103,-2.7405307093914053
-238.96340117700754,-12.469484234292656,-2.684292465414252
-241.82877609429414,-12.673878885998072,-2.5889686596370334
-244.69352505040493,-12.884824450109676,-2.5388342255046137
-247.55824005479136,-13.091846543343028,-2.476005777808922
-250.42409236558782,-13.286036656117343,-2.433165344696624
-253.2856084326247,-13.533037254856714,-2.3914595456569376
-256.1530942688642,-13.696645588003918,-2.327901893255363
-259.02143557919845,-13.844801845456903,-2.258223736687772
-261.88769355635486,-14.035172366381108,-2.2053869450906856
-264.7536851041942,-14.230374561718229,-2.149796100097344
-267.61834458933265,-14.44358766426937,-2.0890906854843667
-270.4829415865547,-14.653614325341085,-2.005746537046576
-273.3487092257253,-14.847062008700732,-1.9921205263670954
-276.21242986817265,-15.073116576902258,-1.9181122591458428
-279.0745060265781,-15.311184289203588,-1.8955647033041734
-281.93720443768007,-15.544145747581322,-1.822716614390039
-284.8028893332512,-15.74411482511896,-1.736828599921919
-287.6692235368233,-15.934217772826447,-1.7065005788671208
-290.5371096097049,-16.096414474571368,-1.6911572616836343
-293.4060909965218,-16.227593190126598,-1.6067623077991802
-296.2748068532968,-16.35927044785136,-1.60689519553381
-299.13899464040725,-16.579569580751023,-1.5845374189661214
-302.0033266472571,-16.797751592405895,-1.5224272638989649
-304.86515467581074,-17.042497637627612,-1.5073012354560595
-307.72846685398457,-17.273018357478605,-1.4738877218947226
-310.59223775106454,-17.49662288311094,-1.4575783739081545
-313.45888172952516,-17.682765612517386,-1.4077189288845355
-316.32488818923326,-17.87816145041574,-1.364896652375858
-319.1864998854519,-18.124751335180832,-1.3580037778810428
-322.0545705322487,-18.282219845102762,-1.3581482721846907
-324.91814799184067,-18.509064056946436,-1.3204713126211391
-327.7819311327638,-18.725661531449866,-1.2584410347359984
-330.6458387210239,-18.938247101975755,-1.25858920238112
-333.5130498545459,-19.11279225978896,-1.2587388569156996
-336.37898835635156,-19.3088346079144,-1.2588896755235366
-339.2470490111913,-19.47018336964254,-1.2284381341330661
-342.113124028977,-19.66154346275853,-1.2091953422771229
-344.98177421197596,-19.80715132913817,-1.1593500481010832
-347.8455395463336,-20.02935055959604,-1.1595061142648517
-350.71125942459173,-20.221100991781487,-1.1596635294573026
-353.5765045518978,-20.420729537083943,-1.1598221425410375
-356.4421543520573,-20.616439766148744,-1.1599820431941947
-359.3042477133944,-20.85898772230269,-1.1369694330983073
-362.1676539406311,-21.088568217568103,-1.115632573514322
-365.0323372787498,-21.294229104841648,-1.160469529507559
-367.8963246512238,-21.50874178457122,-1.1606346770867109
-370.7618379781094,-21.705536767176312,-1.160801074180985
-373.6281128924,-21.895167185974977,-1.188635068114231
-376.4926097885558,-22.108700685935432,-1.2111376164271823
-379.35842015007637,-22.290936384972458,-1.229253126347519
-382.2241585114092,-22.469528085312817,-1.2614793444203434
-385.08721982373214,-22.699987179802676,-1.2616521249230885
-387.9537244528928,-22.886747009337874,-1.2618262232756146
-390.8161486661943,-23.127889985393264,-1.2620017833089459
-393.68109961994685,-23.33104866614887,-1.2621783664060806
-396.5467525327889,-23.51723078163387,-1.262356343044455
-399.4090130617126,-23.74129819516363,-1.3125354931969382
-402.27166319339017,-23.97921058490484,-1.3127161060615822
-405.13698200376916,-24.176125315477353,-1.3493733355001465
-408.001690798103,-24.375992269275024,-1.363081449757146
-410.86194327457497,-24.64036556854741,-1.3713822693762219
-413.7129074805746,-24.798061675562536,-1.4134500821084788
-416.5655120922642,-24.887818401100965,-1.4136360163297235
-419.43071853643517,-25.093925620671847,-1.4331313127264944
-422.2960461017386,-25.297709700495943,-1.5049582104957295
-425.160195988753,-25.513169483582118,-1.514204861461734
-428.0242009591959,-25.73507939614602,-1.5143970196240515
-430.88995411869166,-25.93350896497715,-1.5274250465627133
-433.75602515084927,-26.125095487535653,-1.5724997395897418
-436.62124454701114,-26.331330759700457,-1.6149814406045075
-439.4883026252968,-26.510287803803436,-1.6151788065253136
-442.3526196522799,-26.724763284904018,-1.6153775708833935
-445.2174564396389,-26.933039336496492,-1.6287518373250522
-448.0843324937813,-27.112913794412027,-1.6657787812034397
-450.9503789155414,-27.30488304480324,-1.673785191340888
-453.8156113955034,-27.510049294989376,-1.716185118683051
-456.6811153645008,-27.708662378764913,-1.7163902273191431
-459.5470242190861,-27.900635506663647,-1.7307382382842404
-462.41034207534256,-28.12882468906808,-1.7902136409751157
-465.2756636147353,-28.32447354182038,-1.8170133342372603
-468.14208852013803,-28.509508963430562,-1.8287816261248269
-471.00810652381216,-28.704381270349145,-1.8930868405015993
-473.8732143767538,-28.911976177391065,-1.9176479985965083
-476.7368477681786,-29.13955980793631,-1.950805007191403
-479.60202445454496,-29.344697491102327,-2.0180776502542574
-482.47026182759384,-29.48476970490423,-2.0327687668269627
-485.3353425268291,-29.690950542105167,-2.0787665865115668
-488.2007751902805,-29.891486619671657,-2.118731790786925
-491.06419540241336,-30.118357194630477,-2.151117903784059
-493.93275109975707,-30.269710904596586,-2.2121969560443007
-496.7974714418058,-30.479979452243768,-2.219397405903261
-499.6633847102937,-30.673677470079365,-2.303393879454342
-502.5297163719184,-30.859367570899046,-2.327901900203729
-505.3938687365039,-31.077009382986237,-2.3700748108116687
-508.26195996741944,-31.234051868682286,-2.4452871995853824
-511.12870542803614,-31.414128473533122,-2.499320215236982
-513.9963086859071,-31.58261434317147,-2.5628092610981987
-516.8643882897343,-31.740887052189915,-2.6083359668998964
-519.7346309814731,-31.839505609464794,-2.6602733333563284
-522.6059655201794,-31.91738660314018,-2.764526510693476
-525.4766192104229,-31.932588251894206,-2.7716996562165486
-528.3463743119105,-31.85839237267111,-2.8126937392384592
-531.2131538364561,-31.76358473864577,-2.8721731550565766
-534.0713525865145,-31.52701396156251,-2.9152959836609478
-536.9164931154121,-31.153396669733134,-2.9226469346829087
-539.7614306586091,-30.78760508519957,-2.9228849391045255
-542.5892899788893,-30.322846267387405,-2.9231221309363464
-545.3854006154259,-29.668785613894393,-2.9233572308907254
-548.1711377705112,-28.9758632769638,-2.9235924000617475
-550.9404979481933,-28.229123479460156,-2.923827194834676
-553.6768335997381,-27.36132559865302,-2.9240600282994533
-556.3874939192015,-26.413801618699395,-2.8742915990324986
-559.0686371510606,-25.38978178639022,-2.874521364234342
-561.724424885708,-24.30180352944464,-2.8582230274933735
-564.3410248103778,-23.122212373528047,-2.8249762620948067
-566.8959809455615,-21.814817042952377,-2.799940894156589
-569.4186548272171,-20.444894134284326,-2.745549605502532
-571.8954014373468,-18.99175909085823,-2.725634372841802
-574.3320682212557,-17.47175257250508,-2.7117023181535487
-576.7241723529455,-15.882359359986543,-2.676059960571502
-579.0540821412371,-14.207043580303337,-2.6264443711010905
-581.3541767681638,-12.488403177794517,-2.617605352908212
-583.5949577473168,-10.693234862308929,-2.565726060242639
-585.7574319043886,-8.804243638992444,-2.522404805205074
-587.8645730646633,-6.853363049474506,-2.4466923357661483
-589.9241039262992,-4.852601180488059,-2.4217189117147493
-591.9253671448732,-2.793275999787476,-2.34115909757693
-593.8782175056695,-0.6870730270596733,-2.3221403550666584
-595.7649742373039,1.478635767422546,-2.2395554033083345
-597.5668309052235,3.7131135083507036,-2.223408600347609
-599.2979451644737,6.002315321426741,-2.142692267554433
-600.9081633404023,8.37975306615001,-2.086905967298416
-602.470015507602,10.790132096339722,-2.0460804827241796
-603.9776071899512,13.23477261202176,-1.9785722925517861
-605.3742196926917,15.744391793778185,-1.937985179720111
-606.7004744905626,18.2924885561152,-1.8788429311886237
-607.9855499821975,20.861613122259186,-1.8645822237264065
-609.2296397162636,23.45079903222014,-1.7906233779612888
-610.4498879291458,26.05126615821206,-1.7292271558621088
-611.6765434614492,28.64884974852561,-1.699636144983939
-612.8431184773622,31.273509217081433,-1.6317827600075334
-614.0230481211372,33.89202183542114,-1.5536104930564294
-615.2256725558856,36.50062122076818,-1.4995172591351933
-616.4098285644782,39.117509873805815,-1.423622509185455
-617.5736410835952,41.743502450481,-1.3460094511349854
-618.7787096603583,44.350876957818585,-1.3286958314218493
-619.9560099328955,46.97009001271333,-1.245716178582958
-621.1017562735278,49.60382515060617,-1.2303826709810701
-622.2521396605741,52.23558348032162,-1.17685596838137
-623.4632625510702,54.840233263855524,-1.09023232076524
-624.6126699944568,57.4726343720654,-1.0725679921824443
-625.7753635453564,60.09914793831157,-1.0013118481185426
-626.961589239224,62.71492837451992,-0.9810824977437204
-628.1567066775979,65.3268273452056,-0.9580828466801509
-629.2937538423878,67.9647229447589,-0.917139948253885
-630.408413334521,70.61205859486826,-0.837056091443388
-631.5129463201031,73.26362795459377,-0.8275801796006796
-632.5911592135994,75.92570701221517,-0.7386235780650139
-633.5514189204598,78.63295122737912,-0.7226096677464524
-634.4421142202734,81.36396233246418,-0.6388174101532424
-635.2879891145715,84.10881296014603,-0.5870636353606813
-636.0077972822478,86.88885278293156,-0.5322609601376238
-636.5482158589575,89.70966267504406,-0.4880466762634931
-636.9770820825511,92.54986516830004,-0.39980485189528503
-637.3258254935374,95.40012582379802,-0.36728818178363154
-637.5697234070913,98.26123457269529,-0.2990036748628281
-637.6384656450888,101.13154173148132,-0.26228118626955566
-637.6055601450984,104.00386328422292,-0.18403460048885353
-637.4866668247539,106.87372510184449,-0.13825349284469113
-637.2307708137504,109.73367956817566,-0.04051757358713616
-636.886233245279,112.58498530530403,-0.020741475525080297
-636.4272107995048,115.42046068723707,0.05597500746222983
-635.7933201676276,118.21688986331984,0.08101076505455125
-635.0599190429846,120.99203479870184,0.1766105013599994
-634.2475355089598,123.74661425035458,0.21730359283518502
-633.3485953688214,126.47389413665573,0.2706630722601924
-632.3420302711985,129.164133008185,0.31738478580470864
-631.2204264500385,131.80722754283664,0.3674414227543065
-629.9570262486079,134.38577999527547,0.41007648223883203
-628.6228898070308,136.92741707912717,0.49997241405623627
-627.1725680732156,139.40346341712944,0.5453026308328668
-625.6171513674651,141.81461787594026,0.6166148537979349
-623.9869776719136,144.177841350366,0.6551502675291523
-622.2484007727473,146.4638764084042,0.7180009751102852
-620.4116548321232,148.6684202144151,0.729193711532409
-618.5191539007219,150.82573423644794,0.8182610735384903
-616.5591224248067,152.9225721178429,0.8184004122453474
-614.4690635816673,154.88775612796158,0.8227861989239065
-612.3035277090925,156.75800002742875,0.8687162651632083
-610.0318838838036,158.50720067640378,0.8688901473679703
-607.7446905050233,160.23809675433074,0.8690648098800975
-605.386414931362,161.85828490133235,0.8885413312276474
-602.9654087043682,163.38812810580362,0.9194373247128655
-600.4932987615407,164.84445550237564,0.9196325889532466
-597.9425390142081,166.15849482783153,0.919837357571237
-595.3558637637386,167.3925298781067,0.9200468086574305
-592.7140337680096,168.50918093368034,0.9202629336994435
-590.0565798439848,169.59452579154365,0.9204801475335558
-587.3759922930617,170.62675979921937,0.8832752178179077
-584.6778165546261,171.60848655383555,0.8709207099068066
-581.9987600822612,172.64407251741255,0.8445796572502627
-579.2977604284004,173.6213716733436,0.8213563087812334
-576.5773159944056,174.54148725003012,0.8215772947821165
-573.8614817869014,175.47656591220886,0.8217960931688286
-571.1466926777707,176.41507962724003,0.8198370857425137
-568.4293010430858,177.34607639233906,0.772230090922633
-565.7138208750443,178.28311273656658,0.7279108198555899
-562.9934891410737,179.2056770542673,0.7226594999831504
-560.3008639004224,180.20639966770517,0.7228680434020425
-557.5846702152,181.13935654446743,0.7230792299291982
-554.8452168153894,182.00342729415607,0.7057007781246143
-552.1244619107008,182.9234745302537,0.6401881354141398
-549.418155089755,183.8862943211405,0.5895734981082114
-546.7059254476077,184.83278912438726,0.5739134803580477
-543.9922359421854,185.77169050288313,0.5741179229112765
-541.2803812203887,186.71821924528638,0.47889443712757346
-538.5607143603365,187.64003618208713,0.46250502171139085
-535.8380033172633,188.55501689482145,0.3747253576817362
-533.1304533566095,189.51440114557494,0.35370560638429704
-530.4087527844185,190.4333636984203,0.30325701273487293
-527.6962018561487,191.37721198824957,0.2753189662880349
-524.9778138744632,192.3042864140024,0.22551181698841816
-522.2438652314693,193.1853136988512,0.1599772761055255
-519.5224505225483,194.10478137898613,0.07743690537146283
-516.8097735678002,195.04940404438082,0.06828463306956782
-514.0668253156807,195.90067124939245,0.03334838868862803
-511.3143839983736,196.7203693473479,-0.02351155940970205
-508.56180613478494,197.53864664432513,-0.04497933438756768
-505.798248888271,198.3123213950963,-0.1068543603352057
-503.0180278796836,199.02042408087777,-0.13223765682021982
-500.22253846700664,199.67243850017914,-0.22024131724707155
-497.4230382215587,200.30792525998794,-0.22252675674144107
-494.600666953991,200.8296023282445,-0.2435878861529444
-491.76058917988877,201.2477353954945,-0.2996040709470667
-488.91688012589935,201.63201210386075,-0.3219119565847248
-486.0631962028632,201.87264325597494,-0.3217019688576305
-483.1997417620961,202.059591063975,-0.32244772215308637
-480.3331623462933,202.21972405620085,-0.3712795654666965
-477.4692157650672,202.26175738912042,-0.37106626258906905
-474.60530197056215,202.17337660906117,-0.3708501083709045
-471.73705675733646,202.09807079917599,-0.37063533750632216
-468.8771822720247,201.90726339938897,-0.3704189870034732
-466.02397893147383,201.62513802378544,-0.37020124547088745
-463.1692548693957,201.33111657127387,-0.3699842363911432
-460.31714921613997,201.01389963711222,-0.3697680025100565
-457.4891427711582,200.55621203312802,-0.32290518669135526
-454.67654790893533,199.99341442313926,-0.29229276767232326
-451.86522020769337,199.41946027166435,-0.2691146226801349
-449.0580369541409,198.8257419712312,-0.26889804655879457
-446.28529679771486,198.09635463739608,-0.26868115450416274
-443.522818139877,197.32488826030163,-0.268464806768174
-440.7627661029878,196.53687357195702,-0.26824938545520904
-438.03192235281773,195.66431371350444,-0.2680347771930704
-435.36222519418084,194.62898230643674,-0.2678206085696209
-432.71149367870896,193.539665534841,-0.2676072912084204
-430.05576303237405,192.45702650944042,-0.23034880363688542
-427.43727972496623,191.29396155695457,-0.21718434716931953
-424.87434799422016,190.01371355731678,-0.16697518644140724
-422.309436538055,188.72665244035653,-0.16676705092876692
-419.7334060092025,187.45905903465854,-0.11381065835744499
-417.1974597479191,186.1151878869501,-0.06635398237382974
-414.6654224058794,184.75974287610774,-0.05460122549933556
-412.1200845363447,183.4291236243553,-0.01594625878301541
-409.5908323175281,182.0684290844493,-0.015135941380999664
-407.0542308824883,180.72235470026533,0.024023846257477485
-404.4854810405685,179.44503497814458,0.08003843300040436
-401.891355391639,178.2263965216798,0.0848538273650537
-399.29053777982256,177.014367902446,0.08618885688059832
-396.6654595088925,175.85840327286866,0.13524673104354878
-393.9936022552307,174.8238661166258,0.15832089945508654
-391.3083364879725,173.827880340646,0.2213299806369815
-388.5921781627662,172.9011291473307,0.235824530718386
-385.8477167796609,172.07197332857476,0.23601352563053585
-383.0860836491689,171.3112313739251,0.2828473495612124
-380.31725833109135,170.57608755766188,0.28638566098052126
-377.51933549807353,169.94523729050337,0.286568780217796
-374.6936493259067,169.45912186417488,0.28674832619953255
-371.8569125946202,169.04081647343483,0.28692536059094365
-369.0166195093259,168.63873366959993,0.2871009347146323
-366.15973614639086,168.3770107201524,0.2872724127736267
-363.2996703740781,168.14532702262449,0.2874419965965235
-360.4323768736718,168.03005827851374,0.2376075492031047
-357.56292756808864,167.92803665648512,0.23777166362772317
-354.6939910429762,167.89333795042398,0.2061019701278613
-351.82561462510773,167.94774533860937,0.14924821940650299
-348.9644229084522,168.0952803760843,0.13824323400391483
-346.10011121895434,168.2708682122088,0.11766595572190794
-343.2465279650896,168.58589247811472,0.08006327957132645
-340.40480705807846,168.98614502323937,0.03868174863640202
-337.56863135214417,169.42580664243684,0.0388206588107965
-334.7457640942317,169.95473410613874,0.024837951324866086
-331.9522779357229,170.61854770786897,-0.0609167236229199
-329.1613122318339,171.2923586351265,-0.06079029312651469
-326.3836972948708,172.02333658960012,-0.06066745622672607
-323.64089171267324,172.8730633118343,-0.06939454608646947
-320.9074185870825,173.74971656783708,-0.1406105679982239
-318.17339777870023,174.62990012566152,-0.16032401049635192
-315.4812121788545,175.6281370114383,-0.16021794780350632
-312.83897393370205,176.75242140295916,-0.16011906092834174
-310.20879703097467,177.9064267093956,-0.1600228912775587
-307.60831558355324,179.12588853472164,-0.18861883632361925
-305.0508596419775,180.43302817561863,-0.2598455444815384
-302.52803372291936,181.80582788566284,-0.2597645478120731
-300.0367136432599,183.23529711968072,-0.25968807109486725
-297.59307053443206,184.74194709517502,-0.2596172722244345
-295.17557454734214,186.29107546773068,-0.2595502190980038
-292.78424424855143,187.88222947908278,-0.3035847248107496
-290.47774768088414,189.5932712551995,-0.3594323066996554
-288.22570191656655,191.3751627331372,-0.35938360771481803
-285.98546743852876,193.1729174495792,-0.35933728645811647
-283.79097632775256,195.0264560480009,-0.35929589270334344
-281.67626772902844,196.96920565008548,-0.3689246882541467
-279.5851265012959,198.93770184534438,-0.4092315451196201
-277.55025838291203,200.96409202424218,-0.40920648442531526
-275.62342207847047,203.0940132058457,-0.4591906164476096
-273.7313269117046,205.25450058434475,-0.45917856434730003
-271.8343334816807,207.41129460397946,-0.4777414123576247
-269.9992606868741,209.62095854467373,-0.5091621390217917
-268.2234527659283,211.87872725499756,-0.5091621229672677
-266.5076696616428,214.18193190574488,-0.5427971430824386
-264.8836106179829,216.55025655764683,-0.5591799553650811
-263.32126120065925,218.96001870064327,-0.5591978571402216
-261.8272910523632,221.41285949054307,-0.5740225080842729
-260.41482509748835,223.91394907943493,-0.6282108923446468
-259.0585082335751,226.4459447751967,-0.6592856963153326
-257.73321770202506,228.9936757860536,-0.6865996022694418
-256.42745612237223,231.5516228353148,-0.7161706874352408
-255.1970433586789,234.1470623505037,-0.7594090685287488
-253.96485172714142,236.74196657893532,-0.7594559373094429
-252.755419295919,239.34762498745062,-0.7595055246234319
-251.54643966102196,241.95328017501885,-0.7595564193287674
-250.31450501382218,244.5483030160946,-0.7596073779041526
-249.11749291706076,247.15927574762082,-0.7596614066589351
-247.91720780424794,249.76906646729105,-0.7597165691555692
-246.70320203247914,252.37205587868868,-0.7597723114786645
-245.46713513123814,254.96479003858326,-0.7625865631798894
-244.2638071511193,257.57316365029845,-0.786282580364082
-243.03889742878272,260.17150064336187,-0.8099460618611605
-241.83735318062497,262.7805435536157,-0.8100078525717378
-240.65588664336673,265.3988525718013,-0.810071754414563
-239.48571088165804,268.0221899512523,-0.7975875832081591
-238.27408956287016,270.6265832406091,-0.7729652266948301
-237.05094841965067,273.2257470621645,-0.7602683106583842
-235.85037567851006,275.83544925262373,-0.7603364526491652
-234.67622099200557,278.4570354289009,-0.760407392208007
-233.50387992517423,281.07770751018205,-0.760479729048494
-232.26005857026888,283.6659884409237,-0.7605492843841521
-231.0096236576889,286.2507742588132,-0.7606198311912453
-229.8002151554537,288.8560725758942,-0.7248916901968265
-228.63667430668852,291.4822391418418,-0.7107718952544843
-227.44498221703742,294.0956812992655,-0.7108496265973187
-226.1861536253492,296.6773682804246,-0.7109247979109816
-224.9905179947341,299.28933962930745,-0.7035928732098347
-223.76770928531596,301.88862222821047,-0.6610848614830782
-222.50962675739305,304.470789901221,-0.6540596264296511
-221.30679743541825,307.07922399783195,-0.6112476019563076
-220.1328609132576,309.7006397407125,-0.6113341078129106
-218.88525178770595,312.2879738702404,-0.5910054287374522
-217.6474391318011,314.8798148244772,-0.5379610162153269
-216.45520418808007,317.4932816484136,-0.4824458513474365
-215.24097286026017,320.0965264067348,-0.4616820038497377
-214.03044948786612,322.701633317253,-0.3976790454004174
-212.8256302397101,325.3094392736268,-0.3618655328282001
-211.58560829702782,327.90039116380757,-0.3182134650784042
-210.37059440465327,330.5027866797692,-0.2620518962181727
-209.18977124694112,333.1213623101114,-0.2492416782980708
-207.9531129616438,335.71385357221175,-0.16356880787210487
-206.7340940556124,338.31499724250455,-0.16234383088159554
-205.53754200230847,340.92652238769733,-0.11106820836193974
-204.34053155636207,343.53787125339295,-0.06254683344764705
-203.15142487421474,346.15287456514375,-0.06265063558911266
-201.92230208589953,348.7489650848719,-0.020542025333942542
-200.67322272482141,351.3355992500007,0.03714353727096738
-199.461883086637,353.9398165398829,0.051546479950647865
-198.26844331736964,356.552676187571,0.138922050490128
-197.02804879137585,359.1435130020605,0.19056204893628334
-195.8168247771147,361.74805150960367,0.2659886252479586
-194.63577932144034,364.36595572159285,0.3365005071511584
-193.40584387268996,366.9617667002467,0.3785299354519639
-192.16997996240377,369.55456814118935,0.4543525002078643
-191.0056534999253,372.18056409884497,0.5372997609188617
-189.8027014707852,374.7887012198546,0.6253386656410511
-188.56893086529016,377.3826804159397,0.719804648984633
-187.3453910333125,379.9815271840645,0.798033027570722
-186.11822187448803,382.578687143395,0.8859737737872617
-184.96104511518968,385.2078032731714,0.9460047133040692
-183.76783661429738,387.82087915441195,1.0423607031420263
-182.50014036650737,390.3983080053801,1.1636261556991927
-181.2471442639735,392.9827826157495,1.262224947154266
-180.078326632145,395.60664696829065,1.344959949549005
-178.90053159355068,398.22654301642024,1.4348576167732983
-177.63754736425807,400.8064108480811,1.563824231822067
-176.42190057672943,403.40883512419026,1.6453477447875884
-175.21561393897105,406.01532715862425,1.7763164811598555
-173.94788818780256,408.5931064616519,1.8562609736401474
-172.69411920083957,411.1774532264169,1.9468055708456462
-171.50062139922636,413.7901845536709,2.0595270911556693
-170.26140403668245,416.3806021866437,2.1540008809587725
-168.9478639880195,418.9350060423145,2.2339785577375415
-167.63241164666988,421.48656334376653,2.334184186663964
-166.24287890687202,423.99645965117736,2.4344007562998797
-164.72327896401242,426.4321698075873,2.5368337119318607
-163.1487669917998,428.8325662123347,2.597953625131588
-161.49327775126002,431.17448565476457,2.683344274788035
-159.6813899535261,433.3984431617847,2.709090612205185
-157.79255801384477,435.5612349458189,2.8157584694051936
-155.80672497943505,437.63178462112023,2.8830447818030587
-153.66978414355458,439.5475029705058,2.941462267124278
-151.4805427647312,441.4072235133964,2.980799188961825
-149.2487197052683,443.21427124639615,3.0328150304590897
-146.9100631927846,444.8807750860232,3.056237941402232
-144.45618857734337,446.3710278152877,3.117527996679659
-141.96055283945287,447.79272506804887,3.1326606022602768
-139.41990823980032,449.1326007232665,3.132622071689219
-136.83853371772227,450.3919004319589,3.1370315752771574
-134.20087458806643,451.5267260887364,3.2020169499775744
-131.51136742067536,452.532251008333,3.2325490072931764
-128.78906293140963,453.44794827630244,3.232539358086612
-126.02820984468744,454.23953347240183,3.232537956529576
-123.22401638391057,454.85914108874374,3.2325483810196625
-120.38954868876701,455.32365892904676,3.232569268718293
-117.5360510954777,455.6532934661211,3.2350745127473415
-114.67841083028353,455.94173521591637,3.2826300289124415
-111.81108329682985,456.05755203995915,3.2826725360135764
-108.94118871504836,455.9533061112851,3.282729568663846
-106.06977707144654,455.8965754608505,3.282781980948574
-103.19829190874457,455.8622387534831,3.282831444939016
-100.33170497897555,455.6893275294524,3.2828894105831488
-97.46234512231736,455.5652466234459,3.3168111717092525
-94.59120256073982,455.49275733127376,3.3329911019276084
-91.72217657643574,455.35681237320995,3.3809795398913183
-88.85413321442482,455.1997804430807,3.3830945227760476
-85.98515509319623,455.05751871421506,3.3831438840572403
-83.11656775745267,454.90731027896686,3.383192676555015
-80.24866087964985,454.7462701363005,3.4549430283534477
-77.38093466574313,454.5793429509524,3.4832881964569022
-74.5112894143187,454.4599300521219,3.4833308887763215
-71.64082803870366,454.351830660819,3.483371363478879
-68.77641217499328,454.1452874469936,3.4834176359280624
-65.91115807630433,453.94940835963246,3.483461902257365
-63.03984732640639,453.8624164604848,3.4762802793476277
-60.16989860611961,453.7407543870255,3.4335334245346774
-57.30337386151864,453.5557218554328,3.433573022701158
-54.43448648416153,453.41330683840783,3.4336082924928792
-51.56408156746118,453.32159685525323,3.4336386504881027
-48.694952403280766,453.181105730279,3.4336712046540727
-45.82808318503345,453.0019497126757,3.4337051232562468
-42.959550880073465,452.84888978796175,3.433735948705162
-40.08823428914954,452.7689184666357,3.43376027302118
-37.21847191343855,452.64564629227726,3.4337864000054896
-34.35278562578291,452.45323092107265,3.4338161085108925
-31.48357725447049,452.3252568671912,3.4338400754205267
-28.612568092795403,452.2451267023116,3.43385935192397
-25.74846741722449,452.03062865323966,3.4338867650561804
-22.88424757608891,451.81474175778067,3.4339129678580473
-20.01522597835155,451.67942179564477,3.4339322254795155
-17.146150861592105,451.54501872140173,3.433950171576975
-14.285561147892716,451.29419193025933,3.4339749759842713
-11.433944990676277,450.9606628182646,3.434004234315035
-8.577295856424241,450.6641664904455,3.434029680220691
-5.742896674542427,450.21804244548656,3.4340644787632053
-2.9385442384212537,449.59723830010233,3.434110300320754
-0.15479724370142578,448.8956130096367,3.434160426632676
2.5809306009700315,448.0308587376051,3.4202146528583564
5.25599358739953,446.9875434990751,3.36866249011766
7.876300886839449,445.8136441462894,3.334372121486693
10.446886383579397,444.5359578200947,3.3344578110555405
12.955177177694807,443.13814253840576,3.3345506929729334
15.400510103958462,441.6339709802386,3.2630633601941437
17.788956369621154,440.0425242289967,3.2347538603654695
20.127330393689306,438.37508916570187,3.2160872048888356
22.434275514186133,436.6634142265,3.1355626863973365
24.682700606977818,434.87724766524605,3.135086047431547
26.877020822221617,433.02480541291135,3.1002406340447557
29.092088989351897,431.195911981643,3.055214239680144
31.319261344948163,429.38304013313825,3.0354301423063372
33.517009404573884,427.53410781883065,2.995687629257313
35.71562499921119,425.6864501685881,2.96933865966321
37.93223616489465,423.86011822968055,2.935764665716925
40.12874372701079,422.01050872731463,2.905911415786237
42.303786909072144,420.1351932570712,2.8859843279765505
44.511073217171344,418.2973890667315,2.8786754460684856
46.72687027309401,416.46964766534273,2.8424049375494764
48.91234107034043,414.60590434858466,2.786300008667756
51.105230053169876,412.75075794042624,2.7747774463826946
53.32709190156357,410.9306857140591,2.708784317149221
55.52732711742773,409.08491186685205,2.6866033568115713
57.67211223637619,407.17554527634906,2.620236489589605
59.84406042325456,405.2959377700193,2.568127030230598
62.058583613846416,403.46673085928296,2.531838723703851
64.28441604896857,401.65104690344117,2.4869949539950227
66.4877615521275,399.8082859526121,2.4697389861629153
68.6722255756679,397.94308379479503,2.3972637987764953
70.856383359566,396.07722971135695,2.3439716134340625
73.07590204370004,394.25392370422276,2.2873631766507816
75.31578052523719,392.4556949831057,2.2521087592225717
77.5007194154426,390.59098814808976,2.187536963909351
79.67746558874879,388.7166540940798,2.153465562639461
81.90478850312417,386.9027615453612,2.103765220871134
84.12250578232212,385.07723848413895,2.0261603207548387
86.29692044505737,383.20002154275295,1.987873770853816
88.46593358352672,381.3169853801323,1.970261390741217
90.61948752914464,379.4162076752075,1.8880406631024491
92.77513243954158,377.51911870277615,1.857824908322784
94.87206398112566,375.5586028562595,1.7882076501346047
96.83426602480611,373.47131109660506,1.7883009440367996
98.61695662912581,371.24126671327195,1.7803960144246243
100.21342051297367,368.86619840021217,1.6923124601565607
101.67411682727041,366.4099823594101,1.6886358836674407
102.78851859993777,363.80538990336163,1.624270202573041
103.59373820349302,361.09192392343954,1.5671110726973276
104.28269255450127,358.3451104324133,1.520514869720249
104.68846027611558,355.5492960957931,1.443337175533138
104.78452909734625,352.72118818141973,1.4008074380653448
104.66345672379771,349.89316431180833,1.389515552290495
104.32874120200688,347.07929197524186,1.30164052864042
103.73831093128993,344.3070631382594,1.2898348761435692
102.90927260086272,341.61337971191585,1.2747129762539429
101.92735138423119,338.97073257128176,1.2058929928494377
100.75385936769294,336.41956724068336,1.1510550980160683
99.23253483715744,334.1022066102807,1.1404490480835567
97.56784806408496,331.8936259340744,1.133520972979474
95.79803576860618,329.76562818640116,1.0907268017397085
93.8451335444584,327.7940939578059,1.090857192710506
91.73067414189,325.9988034590332,1.090979688353921
89.49674475713155,324.29634441031646,1.0410979665273954
87.21188065336874,322.613307559444,1.0412148966313746
84.81394375729917,321.0779212783407,1.041324593650656
82.32764146688491,319.6577378599421,1.0414285098214937
79.851203955924,318.20927866984243,1.0415325042325856
77.34637201849972,316.80735781998186,1.0416332450984318
74.76921254179177,315.5458489462168,1.041726484387437
72.18245815989164,314.2979155336037,1.04181815070682
69.61338144150724,313.0136238693269,1.0419100933629657
67.05538459336155,311.7077149612488,1.0420015048342148
64.47413643047135,310.44709504457614,1.042089784910413
61.902083176400694,309.1682613012181,1.0421776753171972
59.35227647691368,307.8453009429253,1.0422660920141988
56.74831456145942,306.6359181388254,1.0423481464809108
54.13038625575639,305.45478815186596,1.0424276304387647
51.53760246107125,304.22000931657556,1.0425083532511688
48.953229271927526,302.9673679353867,1.0425885529963272
46.367757905863684,301.71585811013824,1.0426673795287325
43.81299239641348,300.4024419361623,1.0304835291066543
41.234380279207414,299.137332607275,0.9928244211310202
38.65020800920378,297.8843540734432,0.9928993720812211
36.096154035053544,296.570309105158,0.9929757555312513
33.52366512533449,295.2923051185989,0.9930492391772272
30.946630747657053,294.02386317998867,0.9931210314127694
28.358289052507516,292.77810158692455,0.9931905429998941
25.800292978624345,291.4721893381578,0.9932613243047086
23.225256093800656,290.198983191504,0.9933295279191656
20.64805222680936,288.930645958102,0.9823937233283025
18.088889247791165,287.62639683130493,0.9434631057652028
15.491191528081117,286.40052000982024,0.9231111047937948
12.90640521673387,285.1476587231592,0.8935872474542423
10.34661167163985,283.8455195614714,0.8546927639412457
7.777764997543928,282.5608497072079,0.8335130989136925
5.178439152281211,281.3384990441755,0.7534076347208396
2.603110878434867,280.06720690661666,0.7035251711123642
0.04968650891779447,278.7517552678932,0.6399871185916477
-2.5155874241815814,277.46115384171037,0.5939399819593444
-5.104305835332752,276.21673591380284,0.5576764542224787
-7.66703025260842,274.920001386566,0.4735268014322289
-10.227954826065188,273.61975614410744,0.44409882075606255
-12.819007154147666,272.3805303041419,0.37647672105726904
-15.403499865250264,271.1270928265967,0.3262994706335126
-17.957669780781853,269.81294352197074,0.2669223777304193
-20.520193383315213,268.51582135086045,0.19780631816909694
-23.124010136574977,267.30336783288374,0.10325379958937105
-25.715013573245454,266.06361249595443,0.02079443108508522
-28.269297044235763,264.75003880331326,-0.013812552377396634
-30.84726717404065,263.48348107902393,-0.08830238849364691
-33.42285865773852,262.21187394801143,-0.1651824882338356
-35.97513228949894,260.8947642447132,-0.24827358373619926
-38.53485957687124,259.5914069977243,-0.2916225124930302
-41.123759919603586,258.3469517930925,-0.39396848885589486
-43.710715394083316,257.0992970621683,-0.41327317021141313
-46.282057365566146,255.81876107313775,-0.5139748958597634
-48.84396551323777,254.5201614185758,-0.6074955680313263
-51.42541854081638,253.26080480424224,-0.7211480977919714
-54.01603610228979,252.0204944246144,-0.8052285006997618
-56.60544059784456,250.77757187286585,-0.8646579136640414
-59.18813018016425,249.52035309976117,-0.9747282314766962
-61.744575455078504,248.21030891708682,-1.0445060174847915
-64.3044779976357,246.90735558206507,-1.142323212182429
-66.90071379703124,245.6779140276148,-1.1892218406054385
-69.48530108608392,244.42460231194087,-1.2050813981430037
-72.03948989927265,243.11001507069022,-1.2550592559674651
-74.60332990973635,241.81433530107432,-1.2586768312298737
-77.19006878875697,240.56534552667952,-1.3417218765034686
-79.7683801897839,239.30056275655733,-1.405006636531507
-82.33865784130177,238.01832146099042,-1.4238357383319156
-84.93875676840183,236.79869320233757,-1.4549796156241424
-87.49955742642737,235.4974089744812,-1.459929532243275
-90.07099252410529,234.21706243441668,-1.5049543055954873
-92.65602345132935,232.96524297295994,-1.5132285900600537
-95.2257682992705,231.68265535948308,-1.5049363036390058
-97.78872763789744,230.38557143959093,-1.5049277920868531
-100.34033618051856,229.06728315660303,-1.5076298999926316
-102.87676822135637,227.72338471688406,-1.5772261000037027
-105.44307408013867,226.43449657014662,-1.6049074541718116
-107.95220563838127,225.04500093532056,-1.6048999823608863
-110.40975821024813,223.57451314680537,-1.604889923190381
-112.8532053043705,222.07924973897315,-1.6048800977324635
-115.2255908976204,220.4885302437876,-1.6048668464293772
-117.5323251986362,218.80978638518192,-1.6475674439503019
-119.80973221864403,217.08786903632856,-1.6548336605070455
-121.99871952212536,215.2623847796762,-1.654812799400636
-124.08993884317947,213.3221935203166,-1.7354696447255331
-126.05443176348658,211.24752280301138,-1.7547567128999497
-127.94581849446726,209.11584453063975,-1.7592558421958693
-129.73168377346613,206.8881208409036,-1.7804629977609217
-131.46353802346152,204.6093657349207,-1.8234464941782687
-133.05833302244164,202.23878874451353,-1.8581299518470027
-134.57806130734494,199.81422732793672,-1.9184459394140845
-135.96435241593085,197.30977869163877,-1.9843714408408404
-137.23498872900257,194.7424721276489,-2.0044588299266017
-138.39482319683796,192.12210153374977,-2.0325373192596663
-139.44581053896565,189.45791118381166,-2.1043467827564246
-140.37927175130537,186.75013947709743,-2.1368782619333535
-141.16680060252605,183.9950613040622,-2.1883628769056376
-141.84845438473207,181.21202535290587,-2.2381408653517676
-142.35335381581538,178.39461072871526,-2.304090405007855
-142.74006246800712,175.55562498927213,-2.3238840826741702
-143.00344827470667,172.69787568445796,-2.3932947184521205
-143.16203672909873,169.8319159436981,-2.48843800824455
-143.17032299047082,166.96235199450217,-2.503797956114783
-143.07396481169377,164.0937496226544,-2.587617705052592
-142.81734157340176,161.23745557699954,-2.613103160226724
-142.43276616987805,158.39313463929642,-2.702374120219592
-141.9619435457863,155.56017211884244,-2.7462825485106426
-141.37921499174598,152.74851053281307,-2.774387924589057
-140.59796464743994,149.9887681882926,-2.8533174277287605
-139.68400374915728,147.26741756206894,-2.853233790551417
-138.6986157689716,144.56956272290375,-2.8842656611614874
-137.54844914816397,141.93947827482145,-2.9312039654090976
-136.29115436408318,139.35695315332254,-2.9529822253952887
-134.9700399883389,136.80684655737934,-2.9290505544941094
-133.4890055059634,134.3479566432913,-2.9028153720748064
-131.88628155750305,131.964627470452,-2.9027321113051796
-130.1794489535915,129.6567932761754,-2.8617223967153875
-128.3505695273207,127.44428625019083,-2.8114261487713033
-126.40196774220033,125.33501294382071,-2.722131172098595
-124.41160765904968,123.2638258773004,-2.6245791820702578
-122.36051947703476,121.25357761013191,-2.519850853883105
-120.18987843969384,119.37507373037788,-2.4628883344646653
-117.95154675427148,117.57775348492255,-2.357574797698029
-115.6309338199905,115.88681808997259,-2.2500731722255276
-113.25058315028342,114.2807633039289,-2.143130417182939
-110.80616129804868,112.78067766654902,-2.0370701172844905
-108.26982604332233,111.44443645840394,-1.8931176552001923
-105.68585646297518,110.20883757046353,-1.7927041124420198
-103.03334592423037,109.11787892048184,-1.6494364675610147
-100.3362882680609,108.13667081554034,-1.5297847870228707
-97.60958894480977,107.24241959359486,-1.4029146413883478
-94.84788824385636,106.47144654195355,-1.3258464257629494
-92.05168589233467,105.83501185830895,-1.229074225749055
-89.23783695706035,105.28576500835482,-1.135790552367864
-86.39895368311218,104.88676114809964,-1.087386278934152
-83.54429901124958,104.63866215739196,-1.0233063369419833
-80.68669613003244,104.4767899587162,-0.9338707269048572
-77.82238847538117,104.4874042643261,-0.9013360675040953
-74.9644928669266,104.62144100934557,-0.8291410847999383
-72.11636093427795,104.88562272458485,-0.7599796360588469
-69.28819820861901,105.3244993922807,-0.7037522231944764
-66.4858625839284,105.90930395082023,-0.6642241724685167
-63.70828557359557,106.58798471757706,-0.5821848199571455
-60.96376378601583,107.36263672751069,-0.5169000343646815
-58.241819595252025,108.226463440962,-0.48840865438333314
-55.56908267538219,109.25285198210094,-0.4116625111945113
-52.921164640518185,110.34779187103578,-0.39220069929338197
-50.27146722720656,111.44459494047388,-0.3396225061423673
-47.64785115777694,112.61166493612177,-0.25118041788766743
-45.05154733753132,113.84104772438579,-0.2511835213748987
-42.464859453099436,115.09058656664983,-0.225741250070605
-39.86622144412048,116.31362972032898,-0.20119384859530354
-37.287519259822645,117.57900989194418,-0.11738005945622441
-34.68969672694256,118.8039045650174,-0.10120972236633285
-32.07482752525882,119.99198072265747,-0.05233343660471687
-29.461785661377682,121.18210600252152,-0.0012284222683242238
-26.869983625531027,122.42041578883999,0.000550005534862473
-24.294108250072476,123.69164554544307,0.07175293827471915
-21.698934016430055,124.92234045188863,0.10742721605342237
-19.10966367995017,126.16501595076693,0.16809712974350038
-16.522602544085522,127.4135217882292,0.19869606124305847
-13.926907687376215,128.64418910479577,0.20382351679287763
-11.333688567587224,129.87988997510072,0.29432892494310076
-8.76146773024835,131.15889151577187,0.29863528991616595
-6.187714025803443,132.43484244035324,0.340404854215852
-3.6217335829718156,133.7258007487291,0.3675196795715864
-1.042522493471075,134.98992191333718,0.4230409491085618
1.539720125910301,136.24724843180533,0.4485340974233545
4.113273338506466,137.5218014987729,0.4485055804481627
6.713291494797961,138.74163739791913,0.4760004978961927
9.302374950851403,139.98411331715667,0.5484462527439372
11.877607929031925,141.25688866126558,0.5484138555646784
14.470234444599523,142.49360653292206,0.5696546237801363
17.07634533259155,143.7014940448445,0.5983472330311402
19.67926283996679,144.91610666226273,0.5983120498607225
22.26830706396902,146.15990128673002,0.6108963685322194
24.845021747189037,147.4298293020825,0.6404703642063869
27.43059267989674,148.6816243748204,0.6481965181649297
30.013649621853602,149.93864367288455,0.6350885265268257
32.601061741886944,151.18562393306098,0.582729192696046
35.18373749823475,152.44172505106377,0.5480694596322697
37.78330583159952,153.66349384158548,0.548025188384595
40.34197649873337,154.96810166116038,0.5479778672942361
42.912679210022276,156.2498954238614,0.5479297721295477
45.52204290879703,157.4434968497846,0.5478117913505592
48.11771311418981,158.66922539326137,0.5168047377794448
50.69546729515601,159.936908254061,0.4977808245352058
53.28711198478981,161.17607427765853,0.49772823732506744
55.87173939992134,162.4296307659152,0.4532122006939293
58.448986685756026,163.69740582154793,0.44761894658252466
61.007968433391305,164.99878240837995,0.44756134016684285
63.59071877826848,166.25584256771413,0.4475034366669283
66.18250338023233,167.49437384975187,0.4474446424603534
68.76925516853981,168.7436947335528,0.3632636040633531
71.36364263598688,169.97698153668108,0.3473224865934133
73.96631969596854,171.19259703437933,0.34726052350835285
76.57228707296358,172.40122004113223,0.30552240057338026
79.16450297214746,173.63908993260753,0.24713189048862666
81.74357982927134,174.90416430627693,0.24706480279184054
84.3381820467861,176.13707398372827,0.21691919457084546
86.93671472829968,177.36120342081554,0.19692802347148702
89.53174363495812,178.59138074496627,0.19685780881086531
92.08022317743875,179.91695412631137,0.1622703113607127
94.65770250716682,181.18373235279157,0.14671035291541024
97.26352355014616,182.3919935800364,0.146636676375995
99.88028548353444,183.57391495564258,0.14656224454440198
102.46230755397973,184.83188428680995,0.14648474043077014
105.0423947881639,186.0943625550661,0.14640605859285308
107.61544002698685,187.37066594666373,0.1463258674873721
110.16296821625235,188.69513112679152,0.14624326864406356
112.74852047016338,189.94499041149766,0.14616089842239294
115.35461951137114,191.15348514246048,0.1460780458451628
117.96048751391847,192.362449070453,0.19550870595651704
120.56598920106994,193.57158325803496,0.19893759856558368
123.18056187335682,194.75856152068314,0.22968769139256995
125.7989270698293,195.93149160938947,0.24573554123996313
128.4467676473945,197.0295631302011,0.2711344529984968
131.12812347538303,198.04247692055537,0.29592957100598655
133.80319910010368,199.0513827911583,0.349720712583933
136.50116511065406,199.98140323411127,0.3953904706944401
139.2529451824975,200.75676790119144,0.43133577629361075
142.01062818005056,201.49643137615308,0.5028223100132405
144.77143631800803,202.21454372940354,0.5442409872884078
147.58912412217046,202.7140617462789,0.588100829078309
150.4147177894173,203.12786004364838,0.6138347871727896
153.2427651845373,203.50946104499957,0.695238316809159
156.0962994010651,203.7042945516394,0.7722003645223685
158.9534374714531,203.82030993794513,0.8181645438455258
161.8104164512597,203.85998689321013,0.8801247618161051
164.66833633943605,203.78508597057615,0.9255273496644134
167.5253910716949,203.57466287738083,0.988288357517558
170.37652613464735,203.30367894256474,1.0394456509146266
173.21466408761836,202.95741726180734,1.095819328955177
176.0353899713794,202.469179567073,1.163540766122371
178.8423025184173,201.91315478848114,1.2066319232866571
181.6188412040492,201.20800782672993,1.274155746526572
184.3789740333363,200.44488664764256,1.3044741975185468
187.1132089057396,199.6026385131031,1.344123051993289
189.81817016403238,198.65602475438914,1.350632076409542
192.51691325393745,197.71257380319508,1.392164158788984
195.14100588930978,196.5528720434308,1.4207345449176019
197.73422305133036,195.32739198835964,1.4439361794469736
200.28717221670274,194.02459301148207,1.4672243852808764
202.79933182399316,192.6453055755157,1.4938594089708124
205.2419221178481,191.14590632323285,1.4480971033744687
207.6328964313708,189.56357439592264,1.4437969746458168
209.97426966165062,187.91994779581864,1.4437693563849887
212.23157933580754,186.155495328419,1.3675059237926108
214.45505993679922,184.34728265835918,1.3346159736347742
216.58597582588897,182.42899355227536,1.282741984328052
218.6358078829295,180.42648252865877,1.2135227418643733
220.61789514768233,178.3559373482409,1.162857456104725
222.541749001214,176.22446832030164,1.0711051693115996
224.40383989555897,174.03945975313107,0.983231536785397
226.1906535317944,171.79469858300308,0.8927376427713611
227.85753185938057,169.4562139014917,0.8004268646449262
229.47031264014177,167.08090040734282,0.7113199669343186
231.05568158804445,164.6886319682938,0.6169505675848188
232.51259941199393,162.2166943061621,0.5238417311371247
233.8846498995809,159.6942913415646,0.43569572372664095
235.2087088236143,157.15026766660623,0.27504450963154947
236.367934816134,154.52487837059266,0.2069593602609102
237.45568271216075,151.86871056284025,0.11044643073958887
238.41557848310424,149.1653675928027,-0.022004206856365206
239.2965396412493,146.43569663237778,-0.15390489962102016
240.06825242402533,143.66968998347105,-0.24602099258139565
240.7351730222764,140.8770340692113,-0.33621056990756165
241.36763923950383,138.07551616122197,-0.45972770721859446
241.92725117028175,135.25986522209604,-0.56228893224941
242.32564814908898,132.4163140746242,-0.653131863261345
242.65726081939988,129.5641011986745,-0.7136251989295093
242.88176742752495,126.70224270176308,-0.8215733025483614
243.0336434857089,123.8346276594607,-0.8907100870471294
243.05469732352253,120.96340351786716,-0.9845624805791966
242.97158147875382,118.09348939449458,-1.0669324548422916
242.84054315003283,115.227545601142,-1.1407560296677333
242.62934887916686,112.37142533495359,-1.1556025198630508
242.4270932728947,109.51987204383434,-1.1914079458354703
242.3263305444388,106.65868757472889,-1.262773545347164
242.2860047884072,103.79091158629444,-1.321302591932502
242.27474219846027,100.92137228980025,-1.346645327893987
242.29170179583366,98.05101226979761,-1.4080477288481212
242.3590300695828,95.17972257776692,-1.4473367839209734
242.4403979914032,92.30849515504904,-1.4726850685742723
242.51821834163292,89.43722686560656,-1.5238731319438683
242.5557666639168,86.56645598162515,-1.573381695702193
242.60024727161203,83.6955176977803,-1.5987305129527758
242.60594068121924,80.82365900703269,-1.6370568523811524
242.61994923988112,77.95137503350193,-1.6810063553902306
242.5895347141864,75.07922712052445,-1.7050509140842927
242.53992113272125,72.20765145611642,-1.7255167122126536
242.50286893359458,69.33544927464257,-1.7872062973414802
242.45812105026232,66.46330301778178,-1.8049501577131442
242.44409404231047,63.59117322151769,-1.8049202073738637
242.43969295526108,60.71931201301872,-1.8312568592812741
242.33597096874678,57.84935924605584,-1.8548613197881
242.17891658659482,54.98158544557943,-1.8846379840108605
241.9772894656773,52.11762052561321,-1.9047982855008492
241.6767925185694,49.26144293727445,-1.9047639647444452
241.1653435819531,46.436548683150534,-1.9047233945419535
240.53758043589227,43.63665018382081,-1.9046797966328575
239.7873306581849,40.865136487803106,-1.9046331416951632
238.7960010211999,38.172107441555255,-1.904579277227867
237.67241145582804,35.52920588126692,-1.9045219852558049
236.5296375209124,32.89626949190716,-1.904465455938356
235.118075649932,30.39747220089797,-1.9044008374247317
233.5764329022415,27.97414997152448,-1.9043331577280298
231.910608700272,25.635848860904403,-1.86308093532974
230.09836766599165,23.409581157550036,-1.8541885609024715
228.24923134145794,21.212970905043747,-1.8041145544539012
226.30084863363692,19.103032405922782,-1.8040385414238005
224.31256467038486,17.029638722375747,-1.771137048157052
222.3213467339376,14.959443396912874,-1.7038876842716317
220.38381709749768,12.839047653159273,-1.688724681626125
218.36040400053395,10.801618665424598,-1.6158174285459856
216.36942190779803,8.73341479257402,-1.6036716820663228
214.30120805847093,6.740232588902018,-1.5649452213367074
212.1833812021673,4.801183373172698,-1.5326972144891
209.99829263018046,2.9384582200208054,-1.5034537044989706
207.72116703733366,1.1902746109650055,-1.5033786018802062
205.329108815065,-0.39973571584494305,-1.5033011953937223
202.85632012756696,-1.8603053242906327,-1.463964933469415
200.3233239893161,-3.213891341164047,-1.4031430198633963
197.6988417639761,-4.377962546842001,-1.352835034720942
195.03382461835957,-5.448602135000721,-1.3029808689729894
192.3043325863727,-6.337081540813036,-1.2447988055776567
189.5238735812104,-7.052731744154292,-1.1628055232008438
186.69116300539406,-7.524857065489349,-1.1052604061103548
183.8419203191644,-7.870964708144628,-1.0526515263966283
180.97827448700974,-8.067949554895975,-0.9721394745307961
178.10938769015274,-8.17861440603053,-0.9159028381683904
175.238236384319,-8.177620052933346,-0.8604305718069765
172.36675924104748,-8.110317626677146,-0.7545513457405176
169.50061788547254,-7.941157685353517,-0.6857392792378009
166.64213420178254,-7.6658655687487105,-0.65217955655426
163.7801695171936,-7.437454902203135,-0.566932425282805
160.91402216718123,-7.307472951591134,-0.5129319121083912
158.04923039236314,-7.172833132365727,-0.4330633245056391
155.18545943083365,-6.992231624180324,-0.35189031501731516
152.32389989424018,-6.7609043278668075,-0.32306062318897943
149.4579638210099,-6.626810321688403,-0.2517534705751098
146.59258390535123,-6.511147952238982,-0.19480073673147025
143.7273359383216,-6.376149030914339,-0.11931463159231094
140.86185270139583,-6.2198877782964805,-0.08265372165171825
137.9941820759118,-6.0761630106918565,-0.0025012768655457572
135.12819158312698,-5.923686623978337,-0.0014339046252825993
132.2648785283432,-5.7288980640225375,0.044618442932609026
129.40451226548336,-5.540555620527519,0.09311062556882771
126.54261247475674,-5.299467129051722,0.09874222117681389
123.68426575510372,-5.016226883634093,0.11729106641944051
120.8307091396326,-4.695325104955517,0.15776826093314933
117.97541065683194,-4.383050296221581,0.19890693609402443
115.12210987081792,-4.054550260901808,0.23302651657253506
112.26728113799071,-3.7394798499454276,0.24901020510894045
109.40999255627204,-3.4472437768212116,0.24905996689024254
106.55508169954919,-3.1388946351053204,0.2491083672531057
103.7029459257181,-2.8065200660345164,0.24915551509105366
100.84586255793874,-2.507946792043419,0.24920148580174076
97.99320212743314,-2.1702869905979956,0.2527311917898233
95.13756822451953,-1.8610898663837472,0.29928938464354504
92.28121107126498,-1.5621370687444638,0.3115677940702568
89.41549553114848,-1.3977219239125518,0.31172720486985883
86.54652728077578,-1.4295867428330862,0.29941146085450776
83.6766605972524,-1.5429578521853622,0.29944967910749637
80.81128960233076,-1.7444116472580673,0.29948647250703986
77.9458110561877,-1.9451036981709666,0.2995220584294388
75.08019501659962,-2.1446936988780285,0.2760735128806887
72.21502210753852,-2.3423117806723255,0.24958934091239499
69.35032811744153,-2.5554120120612076,0.249620940243015
66.4906810872204,-2.8207858289213616,0.24965125737341093
63.6245007798784,-3.0122779779243496,0.24968026184285685
60.75839505602228,-3.204933025519699,0.24970817970024534
57.89332484971108,-3.411205924928739,0.24973471700928607
55.03324765786974,-3.675062635060959,0.245468103546161
52.16782092506873,-3.875174653490392,0.20153228484051594
49.303675515818185,-4.095434419870698,0.19980629337962813
46.44209295351295,-4.344037273506254,0.19982760034792657
43.57603581644034,-4.5268816840233885,0.19984758865784774
40.708019075026826,-4.690231546805969,0.19986650299981634
37.84230552200136,-4.88883475793086,0.17368168440678103
34.976384332013374,-5.084311334586919,0.13858521690543346
32.108318782225076,-5.245991997340849,0.10545106984986552
29.239441739917943,-5.375750315017233,0.0999286121535178
26.37382357387302,-5.576767354292327,0.09994093976291119
23.507673387134247,-5.770390195012697,0.09995195237647199
20.642359214481957,-5.97570920962144,0.04996164879659199
17.777257712551197,-6.183558865588383,0.04997021939184532
14.908775362020176,-6.33112349433323,0.049977143108951745
12.044273284342161,-6.535880437137449,0.04998323631676007
9.177354742104203,-6.71763502889403,0.049987771805926534
6.312022696565615,-6.921501874436588,0.028274179712700707
